user_id,item_id,preference_value
1,55,4
1,82,4
1,10,2
1,33,5
1,91,3
1,6,3
1,77,4
1,49,3
1,22,5
1,64,1
2,19,5
2,71,3
2,8,5
2,43,1
2,60,4
2,99,2
2,30,5
2,51,1
2,84,4
2,27,4
3,4,2
3,68,4
3,12,4
3,87,2
3,25,4
3,74,4
3,5,3
3,41,5
3,92,2
3,59,3
4,76,4
4,2,2
4,58,3
4,88,4
4,11,3
4,36,5
4,95,1
4,50,3
4,23,4
4,67,2
5,39,4
5,73,4
5,1,2
5,56,5
5,89,3
5,14,4
5,47,1
5,98,3
5,21,5
5,62,1
6,31,5
6,78,4
6,9,4
6,54,2
6,81,4
6,17,4
6,45,3
6,96,5
6,28,2
6,70,3
7,40,4
7,7,2
7,37,3
7,63,4
7,93,2
7,16,5
7,52,1
7,85,3
7,26,4
7,69,2
8,48,4
8,75,4
8,3,2
8,57,5
8,90,3
8,13,4
8,46,1
8,97,3
8,20,5
8,61,1
9,38,5
9,72,4
9,18,4
9,53,2
9,86,4
9,24,4
9,66,3
9,94,5
9,29,1
9,65,3
10,44,4
10,79,2
10,34,4
10,60,4
10,98,2
10,11,5
10,47,2
10,80,3
10,21,4
10,69,2
11,55,4
11,82,4
11,10,2
11,33,5
11,91,3
11,6,3
11,77,4
11,49,3
11,22,5
11,64,1
12,19,5
12,71,3
12,8,5
12,43,1
12,60,4
12,99,2
12,30,5
12,51,1
12,84,4
12,27,4
13,4,2
13,68,4
13,12,4
13,87,2
13,25,4
13,74,4
13,5,3
13,41,5
13,92,2
13,59,3
14,76,4
14,2,2
14,58,3
14,88,4
14,11,3
14,36,5
14,95,1
14,50,3
14,23,4
14,67,2
15,39,4
15,73,4
15,1,2
15,56,5
15,89,3
15,14,4
15,47,1
15,98,3
15,21,5
15,62,1
16,31,5
16,78,4
16,9,4
16,54,2
16,81,4
16,17,4
16,45,3
16,96,5
16,28,2
16,70,3
17,40,4
17,7,2
17,37,3
17,63,4
17,93,2
17,16,5
17,52,1
17,85,3
17,26,4
17,69,2
18,48,4
18,75,4
18,3,2
18,57,5
18,90,3
18,13,4
18,46,2
18,97,3
18,20,5
18,61,1
19,38,5
19,72,4
19,18,4
19,53,2
19,86,4
19,24,4
19,66,3
19,94,5
19,29,1
19,65,3
20,44,5
20,79,2
20,34,4
20,60,4
20,98,2
20,11,5
20,47,2
20,80,3
20,21,4
20,69,2
21,55,4
21,82,4
21,10,2
21,33,5
21,91,3
21,6,3
21,77,4
21,49,3
21,22,5
21,64,1
22,19,5
22,71,3
22,8,5
22,43,1
22,60,4
22,99,2
22,30,5
22,51,1
22,84,4
22,27,4
23,4,2
23,68,4
23,12,4
23,87,2
23,25,4
23,74,4
23,5,3
23,41,5
23,92,2
23,59,3
24,76,4
24,2,2
24,58,3
24,88,4
24,11,3
24,36,5
24,95,1
24,50,3
24,23,4
24,67,2
25,39,4
25,73,4
25,1,2
25,56,5
25,89,3
25,14,4
25,47,1
25,98,3
25,21,5
25,62,1
26,31,5
26,78,4
26,9,4
26,54,2
26,81,4
26,17,4
26,45,3
26,96,5
26,28,2
26,70,3
27,40,4
27,7,2
27,37,3
27,63,4
27,93,2
27,16,5
27,52,1
27,85,3
27,26,4
27,69,2
28,48,4
28,75,4
28,3,2
28,57,5
28,90,3
28,13,4
28,46,1
28,97,3
28,20,5
28,61,1
29,38,5
29,72,4
29,18,4
29,53,2
29,86,4
29,24,4
29,66,3
29,94,5
29,29,1
29,65,3
30,44,5
30,79,2
30,34,4
30,60,4
30,98,2
30,11,5
30,47,2
30,80,3
30,21,4
30,69,2
31,55,4
31,82,4
31,10,2
31,33,5
31,91,3
31,6,3
31,77,4
31,49,3
31,22,5
31,64,1
32,19,5
32,71,3
32,8,5
32,43,1
32,60,4
32,99,2
32,30,5
32,51,1
32,84,4
32,27,4
33,4,2
33,68,4
33,12,4
33,87,2
33,25,4
33,74,4
33,5,3
33,41,5
33,92,2
33,59,3
34,76,4
34,2,2
34,58,3
34,88,4
34,11,3
34,36,5
34,95,1
34,50,3
34,23,4
34,67,2
35,39,4
35,73,4
35,1,2
35,56,5
35,89,3
35,14,4
35,47,1
35,98,3
35,21,5
35,62,1
36,31,5
36,78,4
36,9,4
36,54,2
36,81,4
36,17,4
36,45,3
36,96,5
36,28,2
36,70,3
37,40,4
37,7,2
37,37,3
37,63,4
37,93,2
37,16,5
37,52,1
37,85,3
37,26,4
37,69,2
38,48,4
38,75,4
38,3,2
38,57,5
38,90,3
38,13,4
38,46,1
38,97,3
38,20,5
38,61,1
39,38,5
39,72,4
39,18,4
39,53,2
39,86,4
39,24,4
39,66,3
39,94,5
39,29,1
39,65,3
40,44,5
40,79,2
40,34,4
40,60,4
40,98,2
40,11,5
40,47,2
40,80,3
40,21,4
40,69,2
41,55,4
41,82,4
41,10,2
41,33,5
41,91,3
41,6,3
41,77,4
41,49,3
41,22,5
41,64,1
42,19,5
42,71,3
42,8,5
42,43,1
42,60,4
42,99,2
42,30,5
42,51,1
42,84,4
42,27,4
43,4,2
43,68,4
43,12,4
43,87,2
43,25,4
43,74,4
43,5,3
43,41,5
43,92,2
43,59,3
44,76,4
44,2,2
44,58,3
44,88,4
44,11,3
44,36,5
44,95,1
44,50,3
44,23,4
44,67,2
45,39,4
45,73,4
45,1,2
45,56,5
45,89,3
45,14,4
45,47,1
45,98,3
45,21,5
45,62,1
46,31,5
46,78,4
46,9,4
46,54,2
46,81,4
46,17,4
46,45,3
46,96,5
46,28,2
46,70,3
47,40,4
47,7,2
47,37,3
47,63,4
47,93,2
47,16,5
47,52,1
47,85,3
47,26,4
47,69,2
48,48,4
48,75,4
48,3,2
48,57,5
48,90,3
48,13,4
48,46,1
48,97,3
48,20,5
48,61,1
49,38,5
49,72,4
49,18,4
49,53,2
49,86,4
49,24,4
49,66,3
49,94,5
49,29,1
49,65,3
50,44,5
50,79,2
50,34,4
50,60,4
50,98,2
50,11,5
50,47,2
50,80,3
50,21,4
50,69,2
51,55,4
51,82,4
51,10,2
51,33,5
51,91,3
51,6,3
51,77,4
51,49,3
51,22,5
51,64,1
52,19,5
52,71,3
52,8,5
52,43,1
52,60,4
52,99,2
52,30,5
52,51,1
52,84,4
52,27,4
53,4,2
53,68,4
53,12,4
53,87,2
53,25,4
53,74,4
53,5,3
53,41,5
53,92,2
53,59,3
54,76,4
54,2,2
54,58,3
54,88,4
54,11,3
54,36,5
54,95,1
54,50,3
54,23,4
54,67,2
55,39,4
55,73,4
55,1,2
55,56,5
55,89,3
55,14,4
55,47,1
55,98,3
55,21,5
55,62,1
56,31,5
56,78,4
56,9,4
56,54,2
56,81,4
56,17,4
56,45,3
56,96,5
56,28,2
56,70,3
57,40,4
57,7,2
57,37,3
57,63,4
57,93,2
57,16,5
57,52,1
57,85,3
57,26,4
57,69,2
58,48,4
58,75,4
58,3,2
58,57,5
58,90,3
58,13,4
58,46,1
58,97,3
58,20,5
58,61,1
59,38,5
59,72,4
59,18,4
59,53,2
59,86,4
59,24,4
59,66,3
59,94,5
59,29,1
59,65,3
60,44,5
60,79,2
60,34,4
60,60,4
60,98,2
60,11,5
60,47,2
60,80,3
60,21,4
60,69,2
61,55,4
61,82,4
61,10,2
61,33,5
61,91,3
61,6,3
61,77,4
61,49,3
61,22,5
61,64,1
62,19,5
62,71,3
62,8,5
62,43,1
62,60,4
62,99,2
62,30,5
62,51,1
62,84,4
62,27,4
63,4,2
63,68,4
63,12,4
63,87,2
63,25,4
63,74,4
63,5,3
63,41,5
63,92,2
63,59,3
64,76,4
64,2,2
64,58,3
64,88,4
64,11,3
64,36,5
64,95,1
64,50,3
64,23,4
64,67,2
65,39,4
65,73,4
65,1,2
65,56,5
65,89,3
65,14,4
65,47,1
65,98,3
65,21,5
65,62,1
66,31,5
66,78,4
66,9,4
66,54,2
66,81,4
66,17,4
66,45,3
66,96,5
66,28,2
66,70,3
67,40,4
67,7,2
67,37,3
67,63,4
67,93,2
67,16,5
67,52,1
67,85,3
67,26,4
67,69,2
68,48,4
68,75,4
68,3,2
68,57,5
68,90,3
68,13,4
68,46,1
68,97,3
68,20,5
68,61,1
69,38,5
69,72,4
69,18,4
69,53,2
69,86,4
69,24,4
69,66,3
69,94,5
69,29,1
69,65,3
70,44,4
70,79,2
70,34,4
70,60,4
70,98,2
70,11,5
70,47,2
70,80,3
70,21,4
70,69,2
71,55,4
71,82,4
71,10,2
71,33,5
71,91,3
71,6,3
71,77,4
71,49,3
71,22,5
71,64,1
72,19,5
72,71,3
72,8,5
72,43,1
72,60,4
72,99,2
72,30,5
72,51,1
72,84,4
72,27,4
73,4,2
73,68,4
73,12,4
73,87,2
73,25,4
73,74,4
73,5,3
73,41,5
73,92,2
73,59,3
74,76,4
74,2,2
74,58,3
74,88,4
74,11,3
74,36,5
74,95,1
74,50,3
74,23,4
74,67,2
75,39,4
75,73,4
75,1,2
75,56,5
75,89,3
75,14,4
75,47,1
75,98,3
75,21,5
75,62,1
76,31,5
76,78,4
76,9,4
76,54,2
76,81,4
76,17,4
76,45,3
76,96,5
76,28,2
76,70,3
77,40,4
77,7,2
77,37,3
77,63,4
77,93,2
77,16,5
77,52,1
77,85,3
77,26,4
77,69,2
78,48,4
78,75,4
78,3,2
78,57,5
78,90,3
78,13,4
78,46,2
78,97,3
78,20,5
78,61,1
79,38,5
79,72,4
79,18,4
79,53,2
79,86,4
79,24,4
79,66,3
79,94,5
79,29,1
79,65,3
80,44,5
80,79,2
80,34,4
80,60,4
80,98,2
80,11,5
80,47,2
80,80,3
80,21,4
80,69,2
81,55,4
81,82,4
81,10,2
81,33,5
81,91,3
81,6,3
81,77,4
81,49,3
81,22,5
81,64,1
82,19,5
82,71,3
82,8,5
82,43,1
82,60,4
82,99,2
82,30,5
82,51,1
82,84,4
82,27,4
83,4,2
83,68,4
83,12,4
83,87,2
83,25,4
83,74,4
83,5,3
83,41,5
83,92,2
83,59,3
84,76,4
84,2,2
84,58,3
84,88,4
84,11,3
84,36,5
84,95,1
84,50,3
84,23,4
84,67,2
85,39,4
85,73,4
85,1,2
85,56,5
85,89,3
85,14,4
85,47,1
85,98,3
85,21,5
85,62,1
86,31,5
86,78,4
86,9,4
86,54,2
86,81,4
86,17,4
86,45,3
86,96,5
86,28,2
86,70,3
87,40,4
87,7,2
87,37,3
87,63,4
87,93,2
87,16,5
87,52,1
87,85,3
87,26,4
87,69,2
88,48,4
88,75,4
88,3,2
88,57,5
88,90,3
88,13,4
88,46,1
88,97,3
88,20,5
88,61,1
89,38,5
89,72,4
89,18,4
89,53,2
89,86,4
89,24,4
89,66,3
89,94,5
89,29,1
89,65,3
90,44,5
90,79,2
90,34,4
90,60,4
90,98,2
90,11,5
90,47,2
90,80,3
90,21,4
90,69,2
91,55,4
91,82,4
91,10,2
91,33,5
91,91,3
91,6,3
91,77,4
91,49,3
91,22,5
91,64,1
92,19,5
92,71,3
92,8,5
92,43,1
92,60,4
92,99,2
92,30,5
92,51,1
92,84,4
92,27,4
93,4,2
93,68,4
93,12,4
93,87,2
93,25,4
93,74,4
93,5,3
93,41,5
93,92,2
93,59,3
94,76,4
94,2,2
94,58,3
94,88,4
94,11,3
94,36,5
94,95,1
94,50,3
94,23,4
94,67,2
95,39,4
95,73,4
95,1,2
95,56,5
95,89,3
95,14,4
95,47,1
95,98,3
95,21,5
95,62,1
96,31,5
96,78,4
96,9,4
96,54,2
96,81,4
96,17,4
96,45,3
96,96,5
96,28,2
96,70,3
97,40,4
97,7,2
97,37,3
97,63,4
97,93,2
97,16,5
97,52,1
97,85,3
97,26,4
97,69,2
98,48,4
98,75,4
98,3,2
98,57,5
98,90,3
98,13,4
98,46,1
98,97,3
98,20,5
98,61,1
99,38,5
99,72,4
99,18,4
99,53,2
99,86,4
99,24,4
99,66,3
99,94,5
99,29,1
99,65,3
100,44,5
100,79,2
100,34,4
100,60,4
100,98,2
100,11,5
100,47,2
100,80,3
100,21,4
100,69,2
101,55,4
101,82,4
101,10,2
101,33,5
101,91,3
101,6,3
101,77,4
101,49,3
101,22,5
101,64,1
102,19,5
102,71,3
102,8,5
102,43,1
102,60,4
102,99,2
102,30,5
102,51,1
102,84,4
102,27,4
103,4,2
103,68,4
103,12,4
103,87,2
103,25,4
103,74,4
103,5,3
103,41,5
103,92,2
103,59,3
104,76,4
104,2,2
104,58,3
104,88,4
104,11,3
104,36,5
104,95,1
104,50,3
104,23,4
104,67,2
105,39,4
105,73,4
105,1,2
105,56,5
105,89,3
105,14,4
105,47,1
105,98,3
105,21,5
105,62,1
106,31,5
106,78,4
106,9,4
106,54,2
106,81,4
106,17,4
106,45,3
106,96,5
106,28,2
106,70,3
107,40,4
107,7,2
107,37,3
107,63,4
107,93,2
107,16,5
107,52,1
107,85,3
107,26,4
107,69,2
108,48,4
108,75,4
108,3,2
108,57,5
108,90,3
108,13,4
108,46,1
108,97,3
108,20,5
108,61,1
109,38,5
109,72,4
109,18,4
109,53,2
109,86,4
109,24,4
109,66,3
109,94,5
109,29,1
109,65,3
110,44,5
110,79,2
110,34,4
110,60,4
110,98,2
110,11,5
110,47,2
110,80,3
110,21,4
110,69,2
111,55,4
111,82,4
111,10,2
111,33,5
111,91,3
111,6,3
111,77,4
111,49,3
111,22,5
111,64,1
112,19,5
112,71,3
112,8,5
112,43,1
112,60,4
112,99,2
112,30,5
112,51,1
112,84,4
112,27,4
113,4,2
113,68,4
113,12,4
113,87,2
113,25,4
113,74,4
113,5,3
113,41,5
113,92,2
113,59,3
114,76,4
114,2,2
114,58,3
114,88,4
114,11,3
114,36,5
114,95,1
114,50,3
114,23,4
114,67,2
115,39,4
115,73,4
115,1,2
115,56,5
115,89,3
115,14,4
115,47,1
115,98,3
115,21,5
115,62,1
116,31,5
116,78,4
116,9,4
116,54,2
116,81,4
116,17,4
116,45,3
116,96,5
116,28,2
116,70,3
117,40,4
117,7,2
117,37,3
117,63,4
117,93,2
117,16,5
117,52,1
117,85,3
117,26,4
117,69,2
118,48,4
118,75,4
118,3,2
118,57,5
118,90,3
118,13,4
118,46,1
118,97,3
118,20,5
118,61,1
119,38,5
119,72,4
119,18,4
119,53,2
119,86,4
119,24,4
119,66,3
119,94,5
119,29,1
119,65,3
120,44,5
120,79,2
120,34,4
120,60,4
120,98,2
120,11,5
120,47,2
120,80,3
120,21,4
120,69,2
121,55,4
121,82,4
121,10,2
121,33,5
121,91,3
121,6,3
121,77,4
121,49,3
121,22,5
121,64,1
122,19,5
122,71,3
122,8,5
122,43,1
122,60,4
122,99,2
122,30,5
122,51,1
122,84,4
122,27,4
123,4,2
123,68,4
123,12,4
123,87,2
123,25,4
123,74,4
123,5,3
123,41,5
123,92,2
123,59,3
124,76,4
124,2,2
124,58,3
124,88,4
124,11,3
124,36,5
124,95,1
124,50,3
124,23,4
124,67,2
125,39,4
125,73,4
125,1,2
125,56,5
125,89,3
125,14,4
125,47,1
125,98,3
125,21,5
125,62,1
126,31,5
126,78,4
126,9,4
126,54,2
126,81,4
126,17,4
126,45,3
126,96,5
126,28,2
126,70,3
127,40,4
127,7,2
127,37,3
127,63,4
127,93,2
127,16,5
127,52,1
127,85,3
127,26,4
127,69,2
128,48,4
128,75,4
128,3,2
128,57,5
128,90,3
128,13,4
128,46,1
128,97,3
128,20,5
128,61,1
129,38,5
129,72,4
129,18,4
129,53,2
129,86,4
129,24,4
129,66,3
129,94,5
129,29,1
129,65,3
130,44,4
130,79,2
130,34,4
130,60,4
130,98,2
130,11,5
130,47,2
130,80,3
130,21,4
130,69,2
131,55,4
131,82,4
131,10,2
131,33,5
131,91,3
131,6,3
131,77,4
131,49,3
131,22,5
131,64,1
132,19,5
132,71,3
132,8,5
132,43,1
132,60,4
132,99,2
132,30,5
132,51,1
132,84,4
132,27,4
133,4,2
133,68,4
133,12,4
133,87,2
133,25,4
133,74,4
133,5,3
133,41,5
133,92,2
133,59,3
134,76,4
134,2,2
134,58,3
134,88,4
134,11,3
134,36,5
134,95,1
134,50,3
134,23,4
134,67,2
135,39,4
135,73,4
135,1,2
135,56,5
135,89,3
135,14,4
135,47,1
135,98,3
135,21,5
135,62,1
136,31,5
136,78,4
136,9,4
136,54,2
136,81,4
136,17,4
136,45,3
136,96,5
136,28,2
136,70,3
137,40,4
137,7,2
137,37,3
137,63,4
137,93,2
137,16,5
137,52,1
137,85,3
137,26,4
137,69,2
138,48,4
138,75,4
138,3,2
138,57,5
138,90,3
138,13,4
138,46,2
138,97,3
138,20,5
138,61,1
139,38,5
139,72,4
139,18,4
139,53,2
139,86,4
139,24,4
139,66,3
139,94,5
139,29,1
139,65,3
140,44,5
140,79,2
140,34,4
140,60,4
140,98,2
140,11,5
140,47,2
140,80,3
140,21,4
140,69,2
141,55,4
141,82,4
141,10,2
141,33,5
141,91,3
141,6,3
141,77,4
141,49,3
141,22,5
141,64,1
142,19,5
142,71,3
142,8,5
142,43,1
142,60,4
142,99,2
142,30,5
142,51,1
142,84,4
142,27,4
143,4,2
143,68,4
143,12,4
143,87,2
143,25,4
143,74,4
143,5,3
143,41,5
143,92,2
143,59,3
144,76,4
144,2,2
144,58,3
144,88,4
144,11,3
144,36,5
144,95,1
144,50,3
144,23,4
144,67,2
145,39,4
145,73,4
145,1,2
145,56,5
145,89,3
145,14,4
145,47,1
145,98,3
145,21,5
145,62,1
146,31,5
146,78,4
146,9,4
146,54,2
146,81,4
146,17,4
146,45,3
146,96,5
146,28,2
146,70,3
147,40,4
147,7,2
147,37,3
147,63,4
147,93,2
147,16,5
147,52,1
147,85,3
147,26,4
147,69,2
148,48,4
148,75,4
148,3,2
148,57,5
148,90,3
148,13,4
148,46,1
148,97,3
148,20,5
148,61,1
149,38,5
149,72,4
149,18,4
149,53,2
149,86,4
149,24,4
149,66,3
149,94,5
149,29,1
149,65,3
150,44,5
150,79,2
150,34,4
150,60,4
150,98,2
150,11,5
150,47,2
150,80,3
150,21,4
150,69,2
151,55,4
151,82,4
151,10,2
151,33,5
151,91,3
151,6,3
151,77,4
151,49,3
151,22,5
151,64,1
152,19,5
152,71,3
152,8,5
152,43,1
152,60,4
152,99,2
152,30,5
152,51,1
152,84,4
152,27,4
153,4,2
153,68,4
153,12,4
153,87,2
153,25,4
153,74,4
153,5,3
153,41,5
153,92,2
153,59,3
154,76,4
154,2,2
154,58,3
154,88,4
154,11,3
154,36,5
154,95,1
154,50,3
154,23,4
154,67,2
155,39,4
155,73,4
155,1,2
155,56,5
155,89,3
155,14,4
155,47,1
155,98,3
155,21,5
155,62,1
156,31,5
156,78,4
156,9,4
156,54,2
156,81,4
156,17,4
156,45,3
156,96,5
156,28,2
156,70,3
157,40,4
157,7,2
157,37,3
157,63,4
157,93,2
157,16,5
157,52,1
157,85,3
157,26,4
157,69,2
158,48,4
158,75,4
158,3,2
158,57,5
158,90,3
158,13,4
158,46,1
158,97,3
158,20,5
158,61,1
159,38,5
159,72,4
159,18,4
159,53,2
159,86,4
159,24,4
159,66,3
159,94,5
159,29,1
159,65,3
160,44,5
160,79,2
160,34,4
160,60,4
160,98,2
160,11,5
160,47,2
160,80,3
160,21,4
160,69,2
161,55,4
161,82,4
161,10,2
161,33,5
161,91,3
161,6,3
161,77,4
161,49,3
161,22,5
161,64,1
162,19,5
162,71,3
162,8,5
162,43,1
162,60,4
162,99,2
162,30,5
162,51,1
162,84,4
162,27,4
163,4,2
163,68,4
163,12,4
163,87,2
163,25,4
163,74,4
163,5,3
163,41,5
163,92,2
163,59,3
164,76,4
164,2,2
164,58,3
164,88,4
164,11,3
164,36,5
164,95,1
164,50,3
164,23,4
164,67,2
165,39,4
165,73,4
165,1,2
165,56,5
165,89,3
165,14,4
165,47,1
165,98,3
165,21,5
165,62,1
166,31,5
166,78,4
166,9,4
166,54,2
166,81,4
166,17,4
166,45,3
166,96,5
166,28,2
166,70,3
167,40,4
167,7,2
167,37,3
167,63,4
167,93,2
167,16,5
167,52,1
167,85,3
167,26,4
167,69,2
168,48,4
168,75,4
168,3,2
168,57,5
168,90,3
168,13,4
168,46,1
168,97,3
168,20,5
168,61,1
169,38,5
169,72,4
169,18,4
169,53,2
169,86,4
169,24,4
169,66,3
169,94,5
169,29,1
169,65,3
170,44,5
170,79,2
170,34,4
170,60,4
170,98,2
170,11,5
170,47,2
170,80,3
170,21,4
170,69,2
171,55,4
171,82,4
171,10,2
171,33,5
171,91,3
171,6,3
171,77,4
171,49,3
171,22,5
171,64,1
172,19,5
172,71,3
172,8,5
172,43,1
172,60,4
172,99,2
172,30,5
172,51,1
172,84,4
172,27,4
173,45,4
173,8,5
173,92,3
173,15,2
173,77,5
173,31,1
173,64,4
174,1,3
174,50,5
174,100,4
174,23,5
174,88,2
174,76,4
174,4,3
175,19,5
175,60,3
175,82,4
175,11,5
175,39,1
175,55,2
175,99,3
176,25,4
176,41,2
176,63,5
176,87,3
176,9,4
176,30,5
176,51,1
177,70,3
177,14,5
177,28,4
177,49,2
177,6,5
177,94,3
177,58,4
178,33,1
178,71,4
178,5,2
178,96,5
178,18,3
178,78,4
178,21,5
179,85,2
179,3,4
179,52,5
179,10,1
179,69,3
179,43,4
179,90,5
180,27,3
180,48,5
180,75,1
180,12,4
180,83,2
180,37,5
180,59,3
181,20,4
181,56,1
181,91,5
181,34,2
181,16,4
181,62,3
181,40,5
182,73,2
182,98,4
182,24,3
182,47,5
182,81,1
182,13,4
182,74,5
183,89,3
183,61,5
183,22,4
183,95,1
183,36,2
183,67,5
183,17,3
184,42,4
184,79,1
184,26,5
184,53,3
184,7,4
184,93,2
184,35,5
185,68,3
185,97,5
185,32,4
185,46,1
185,80,2
185,10,5
185,54,3
186,86,4
186,29,1
186,72,5
186,44,3
186,66,4
186,12,2
186,38,5
187,7,3
187,20,5
187,50,4
187,90,1
187,15,2
187,77,5
187,31,3
188,64,4
188,1,2
188,4,5
188,88,3
188,23,4
188,100,1
188,76,5
189,55,3
189,99,5
189,82,4
189,19,1
189,11,2
189,60,5
189,39,3
190,51,4
190,30,1
190,9,5
190,87,3
190,63,4
190,41,2
190,25,5
191,58,3
191,94,5
191,6,4
191,49,1
191,28,2
191,14,5
191,70,3
192,21,4
192,78,2
192,18,5
192,96,3
192,5,4
192,71,1
192,33,5
193,90,3
193,43,5
193,69,4
193,10,1
193,52,2
193,3,5
193,85,3
194,59,4
194,37,1
194,83,5
194,12,3
194,75,4
194,48,2
194,27,5
195,40,3
195,62,5
195,16,4
195,34,1
195,91,2
195,56,5
195,20,3
196,74,4
196,13,2
196,81,5
196,47,3
196,24,4
196,98,1
196,73,5
197,17,3
197,67,5
197,36,4
197,95,1
197,22,2
197,61,5
197,89,3
198,35,4
198,93,1
198,7,5
198,53,3
198,26,4
198,79,2
198,42,5
199,54,3
199,10,5
199,80,4
199,46,1
199,32,2
199,97,5
199,68,3
200,38,4
200,12,2
200,66,5
200,44,3
200,72,4
200,29,1
200,86,5
201,45,3
201,8,5
201,92,4
201,15,1
201,77,2
201,31,5
201,64,3
202,1,4
202,50,2
202,100,5
202,23,3
202,88,4
202,76,1
202,4,5
203,19,3
203,60,5
203,82,4
203,11,1
203,39,2
203,55,5
203,99,3
204,25,4
204,41,2
204,63,5
204,87,3
204,9,4
204,30,1
204,51,5
205,70,3
205,14,5
205,28,4
205,49,1
205,6,2
205,94,5
205,58,3
206,33,4
206,71,2
206,5,5
206,96,3
206,18,4
206,78,1
206,21,5
207,85,3
207,3,5
207,52,4
207,10,1
207,69,2
207,43,5
207,90,3
208,27,4
208,48,2
208,75,5
208,12,3
208,83,4
208,37,1
208,59,5
209,20,3
209,56,5
209,91,4
209,34,1
209,16,2
209,62,5
209,40,3
210,73,4
210,98,2
210,24,5
210,47,3
210,81,4
210,13,1
210,74,5
211,89,3
211,61,5
211,22,4
211,95,1
211,36,2
211,67,5
211,17,3
212,42,4
212,79,2
212,26,5
212,53,3
212,7,4
212,93,1
212,35,5
213,68,3
213,97,5
213,32,4
213,46,1
213,80,2
213,10,5
213,54,3
214,86,4
214,29,2
214,72,5
214,44,3
214,66,4
214,12,1
214,38,5
215,7,3
215,20,5
215,50,4
215,90,1
215,15,2
215,77,5
215,31,3
216,64,4
216,1,2
216,4,5
216,88,3
216,23,4
216,100,1
216,76,5
217,55,3
217,99,5
217,82,4
217,19,1
217,11,2
217,60,5
217,39,3
218,51,4
218,30,2
218,9,5
218,87,3
218,63,4
218,41,1
218,25,5
219,58,3
219,94,5
219,6,4
219,49,1
219,28,2
219,14,5
219,70,3
220,21,4
220,78,2
220,18,5
220,96,3
220,5,4
220,71,1
220,33,5
221,90,3
221,43,5
221,69,4
221,10,1
221,52,2
221,3,5
221,85,3
222,59,4
222,37,2
222,83,5
222,12,3
222,75,4
222,48,1
222,27,5
223,40,3
223,62,5
223,16,4
223,34,1
223,91,2
223,56,5
223,20,3
224,74,4
224,13,2
224,81,5
224,47,3
224,24,4
224,98,1
224,73,5
225,17,3
225,67,5
225,36,4
225,95,1
225,22,2
225,61,5
225,89,3
226,35,4
226,93,2
226,7,5
226,53,3
226,26,4
226,79,1
226,42,5
227,54,3
227,10,5
227,80,4
227,46,1
227,32,2
227,97,5
227,68,3
228,38,4
228,12,2
228,66,5
228,44,3
228,72,4
228,29,1
228,86,5
229,45,3
229,8,5
229,92,4
229,15,1
229,77,2
229,31,5
229,64,3
230,1,4
230,50,2
230,100,5
230,23,3
230,88,4
230,76,1
230,4,5
231,19,3
231,60,5
231,82,4
231,11,1
231,39,2
231,55,5
231,99,3
232,25,4
232,41,2
232,63,5
232,87,3
232,9,4
232,30,1
232,51,5
233,70,3
233,14,5
233,28,4
233,49,1
233,6,2
233,94,5
233,58,3
234,33,4
234,71,2
234,5,5
234,96,3
234,18,4
234,78,1
234,21,5
235,85,3
235,3,5
235,52,4
235,10,1
235,69,2
235,43,5
235,90,3
236,27,4
236,48,2
236,75,5
236,12,3
236,83,4
236,37,1
236,59,5
237,20,3
237,56,5
237,91,4
237,34,1
237,16,2
237,62,5
237,40,3
238,73,4
238,98,2
238,24,5
238,47,3
238,81,4
238,13,1
238,74,5
239,89,3
239,61,5
239,22,4
239,95,1
239,36,2
239,67,5
239,17,3
240,42,4
240,79,2
240,26,5
240,53,3
240,7,4
240,93,1
240,35,5
241,68,3
241,97,5
241,32,4
241,46,1
241,80,2
241,10,5
241,54,3
242,86,4
242,29,2
242,72,5
242,44,3
242,66,4
242,12,1
242,38,5
243,7,3
243,20,5
243,50,4
243,90,1
243,15,2
243,77,5
243,31,3
244,64,4
244,1,2
244,4,5
244,88,3
244,23,4
244,100,1
244,76,5
245,55,3
245,99,5
245,82,4
245,19,1
245,11,2
245,60,5
245,39,3
246,51,4
246,30,2
246,9,5
246,87,3
246,63,4
246,41,1
246,25,5
247,58,3
247,94,5
247,6,4
247,49,1
247,28,2
247,14,5
247,70,3
248,21,4
248,78,2
248,18,5
248,96,3
248,5,4
248,71,1
248,33,5
249,90,3
249,43,5
249,69,4
249,10,1
249,52,2
249,3,5
249,85,3
250,59,4
250,37,2
250,83,5
250,12,3
250,75,4
250,48,1
250,27,5
251,40,3
251,62,5
251,16,4
251,34,1
251,91,2
251,56,5
251,20,3
252,74,4
252,13,2
252,81,5
252,47,3
252,24,4
252,98,1
252,73,5
253,17,3
253,67,5
253,36,4
253,95,1
253,22,2
253,61,5
253,89,3
254,35,4
254,93,2
254,7,5
254,53,3
254,26,4
254,79,1
254,42,5
255,54,3
255,10,5
255,80,4
255,46,1
255,32,2
255,97,5
255,68,3
256,38,4
256,12,2
256,66,5
256,44,3
256,72,4
256,29,1
256,86,5
257,45,3
257,8,5
257,92,4
257,15,1
257,77,2
257,31,5
257,64,3
258,1,4
258,50,2
258,100,5
258,23,3
258,88,4
258,76,1
258,4,5
259,19,3
259,60,5
259,82,4
259,11,1
259,39,2
259,55,5
259,99,3
260,25,4
260,41,2
260,63,5
260,87,3
260,9,4
260,30,1
260,51,5
261,70,3
261,14,5
261,28,4
261,49,1
261,6,2
261,94,5
261,58,3
262,33,4
262,71,2
262,5,5
262,96,3
262,18,4
262,78,1
262,21,5
263,85,3
263,3,5
263,52,4
263,10,1
263,69,2
263,43,5
263,90,3
264,27,4
264,48,2
264,75,5
264,12,3
264,83,4
264,37,1
264,59,5
265,20,3
265,56,5
265,91,4
265,34,1
265,16,2
265,62,5
265,40,3
266,73,4
266,98,2
266,24,5
266,47,3
266,81,4
266,13,1
266,74,5
267,89,3
267,61,5
267,22,4
267,95,1
267,36,2
267,67,5
267,17,3
268,42,4
268,79,2
268,26,5
268,53,3
268,7,4
268,93,1
268,35,5
269,68,3
269,97,5
269,32,4
269,46,1
269,80,2
269,10,5
269,54,3
270,86,4
270,29,2
270,72,5
270,44,3
270,66,4
270,12,1
270,38,5
271,7,3
271,20,5
271,50,4
271,90,1
271,15,2
271,77,5
271,31,3
272,64,4
272,1,2
272,4,5
272,88,3
272,23,4
272,100,1
272,76,5
273,55,3
273,99,5
273,82,4
273,19,1
273,11,2
273,60,5
273,39,3
274,51,4
274,30,2
274,9,5
274,87,3
274,63,4
274,41,1
274,25,5
275,58,3
275,94,5
275,6,4
275,49,1
275,28,2
275,14,5
275,70,3
276,21,4
276,78,2
276,18,5
276,96,3
276,5,4
276,71,1
276,33,5
277,90,3
277,43,5
277,69,4
277,10,1
277,52,2
277,3,5
277,85,3
278,59,4
278,37,2
278,83,5
278,12,3
278,75,4
278,48,1
278,27,5
279,40,3
279,62,5
279,16,4
279,34,1
279,91,2
279,56,5
279,20,3
280,74,4
280,13,2
280,81,5
280,47,3
280,24,4
280,98,1
280,73,5
281,17,3
281,67,5
281,36,4
281,95,1
281,22,2
281,61,5
281,89,3
282,35,4
282,93,2
282,7,5
282,53,3
282,26,4
282,79,1
282,42,5
283,54,3
283,10,5
283,80,4
283,46,1
283,32,2
283,97,5
283,68,3
284,38,4
284,12,2
284,66,5
284,44,3
284,72,4
284,29,1
284,86,5
285,45,3
285,8,5
285,92,4
285,15,1
285,77,2
285,31,5
285,64,3
286,1,4
286,50,2
286,100,5
286,23,3
286,88,4
286,76,1
286,4,5
287,19,3
287,60,5
287,82,4
287,11,1
287,39,2
287,55,5
287,99,3
288,25,4
288,41,2
288,63,5
288,87,3
288,9,4
288,30,1
288,51,5
289,70,3
289,14,5
289,28,4
289,49,1
289,6,2
289,94,5
289,58,3
290,33,4
290,71,2
290,5,5
290,96,3
290,18,4
290,78,1
290,21,5
291,85,3
291,3,5
291,52,4
291,10,1
291,69,2
291,43,5
291,90,3
292,27,4
292,48,2
292,75,5
292,12,3
292,83,4
292,37,1
292,59,5
293,20,3
293,56,5
293,91,4
293,34,1
293,16,2
293,62,5
293,40,3
294,73,4
294,98,2
294,24,5
294,47,3
294,81,4
294,13,1
294,74,5
295,89,3
295,61,5
295,22,4
295,95,1
295,36,2
295,67,5
295,17,3
296,42,4
296,79,2
296,26,5
296,53,3
296,7,4
296,93,1
296,35,5
297,68,3
297,97,5
297,32,4
297,46,1
297,80,2
297,10,5
297,54,3
298,86,4
298,29,2
298,72,5
298,44,3
298,66,4
298,12,1
298,38,5
299,7,3
299,20,5
299,50,4
299,90,1
299,15,2
299,77,5
299,31,3
300,64,4
300,1,2
300,4,5
300,88,3
300,23,4
300,100,1
300,76,5
301,65,4
301,12,5
301,98,3
301,21,2
301,83,5
301,37,1
301,70,4
302,7,3
302,56,5
302,100,4
302,29,5
302,94,2
302,82,4
302,10,3
303,25,5
303,66,3
303,88,4
303,17,5
303,45,1
303,61,2
303,5,3
304,31,4
304,47,2
304,69,5
304,93,3
304,15,4
304,4,1
304,76,5
305,58,3
305,97,5
305,34,4
305,52,1
305,86,2
305,18,5
305,42,3
306,79,4
306,19,1
306,85,5
306,44,3
306,73,4
306,24,2
306,90,5
307,63,3
307,3,5
307,55,4
307,95,1
307,22,2
307,67,5
307,40,3
308,72,4
308,50,2
308,91,5
308,30,3
308,60,4
308,16,1
308,48,5
309,84,3
309,11,5
309,35,4
309,53,1
309,78,2
309,26,5
309,92,3
310,41,4
310,23,2
310,87,5
310,49,3
310,75,4
310,2,1
310,57,5
311,74,3
311,14,5
311,32,4
311,6,1
311,68,2
311,20,5
311,99,3
312,62,4
312,80,2
312,13,5
312,38,3
312,54,4
312,8,1
312,96,5
313,46,3
313,71,5
313,27,4
313,9,1
313,43,2
313,59,5
313,81,3
314,77,4
314,33,2
314,64,5
314,89,3
314,51,4
314,28,1
314,1,5
315,65,4
315,12,5
315,98,3
315,21,2
315,83,5
315,37,1
315,70,4
316,7,3
316,56,5
316,100,4
316,29,5
316,94,2
316,82,4
316,10,3
317,25,5
317,66,3
317,88,4
317,17,5
317,45,1
317,61,2
317,5,3
318,31,4
318,47,2
318,69,5
318,93,3
318,15,4
318,4,1
318,76,5
319,58,3
319,97,5
319,34,4
319,52,1
319,86,2
319,18,5
319,42,3
320,79,4
320,19,1
320,85,5
320,44,3
320,73,4
320,24,2
320,90,5
321,63,3
321,3,5
321,55,4
321,95,1
321,22,2
321,67,5
321,40,3
322,72,4
322,50,2
322,91,5
322,30,3
322,60,4
322,16,1
322,48,5
323,84,3
323,11,5
323,35,4
323,53,1
323,78,2
323,26,5
323,92,3
324,41,4
324,23,2
324,87,5
324,49,3
324,75,4
324,2,1
324,57,5
325,74,3
325,14,5
325,32,4
325,6,1
325,68,2
325,20,5
325,99,3
326,62,4
326,80,2
326,13,5
326,38,3
326,54,4
326,8,1
326,96,5
327,46,3
327,71,5
327,27,4
327,9,1
327,43,2
327,59,5
327,81,3
328,77,4
328,33,2
328,64,5
328,89,3
328,51,4
328,28,1
328,1,5
329,65,4
329,12,5
329,98,3
329,21,2
329,83,5
329,37,1
329,70,4
330,7,3
330,56,5
330,100,4
330,29,5
330,94,2
330,82,4
330,10,3
331,25,5
331,66,3
331,88,4
331,17,5
331,45,1
331,61,2
331,5,3
332,31,4
332,47,2
332,69,5
332,93,3
332,15,4
332,4,1
332,76,5
333,58,3
333,97,5
333,34,4
333,52,1
333,86,2
333,18,5
333,42,3
334,79,4
334,19,1
334,85,5
334,44,3
334,73,4
334,24,2
334,90,5
335,63,3
335,3,5
335,55,4
335,95,1
335,22,2
335,67,5
335,40,3
336,72,4
336,50,2
336,91,5
336,30,3
336,60,4
336,16,1
336,48,5
337,84,3
337,11,5
337,35,4
337,53,1
337,78,2
337,26,5
337,92,3
338,41,4
338,23,2
338,87,5
338,49,3
338,75,4
338,2,1
338,57,5
339,74,3
339,14,5
339,32,4
339,6,1
339,68,2
339,20,5
339,99,3
340,62,4
340,80,2
340,13,5
340,38,3
340,54,4
340,8,1
340,96,5
341,46,3
341,71,5
341,27,4
341,9,1
341,43,2
341,59,5
341,81,3
342,77,4
342,33,2
342,64,5
342,89,3
342,51,4
342,28,1
342,1,5
343,65,4
343,12,5
343,98,3
343,21,2
343,83,5
343,37,1
343,70,4
344,7,3
344,56,5
344,100,4
344,29,5
344,94,2
344,82,4
344,10,3
345,25,5
345,66,3
345,88,4
345,17,5
345,45,1
345,61,2
345,5,3
346,31,4
346,47,2
346,69,5
346,93,3
346,15,4
346,4,1
346,76,5
347,58,3
347,97,5
347,34,4
347,52,1
347,86,2
347,18,5
347,42,3
348,79,4
348,19,1
348,85,5
348,44,3
348,73,4
348,24,2
348,90,5
349,63,3
349,3,5
349,55,4
349,95,1
349,22,2
349,67,5
349,40,3
350,72,4
350,50,2
350,91,5
350,30,3
350,60,4
350,16,1
350,48,5
351,84,3
351,11,5
351,35,4
351,53,1
351,78,2
351,26,5
351,92,3
352,41,4
352,23,2
352,87,5
352,49,3
352,75,4
352,2,1
352,57,5
353,74,3
353,14,5
353,32,4
353,6,1
353,68,2
353,20,5
353,99,3
354,62,4
354,80,2
354,13,5
354,38,3
354,54,4
354,8,1
354,96,5
355,46,3
355,71,5
355,27,4
355,9,1
355,43,2
355,59,5
355,81,3
356,77,4
356,33,2
356,64,5
356,89,3
356,51,4
356,28,1
356,1,5
357,65,4
357,12,5
357,98,3
357,21,2
357,83,5
357,37,1
357,70,4
358,7,3
358,56,5
358,100,4
358,29,5
358,94,2
358,82,4
358,10,3
359,25,5
359,66,3
359,88,4
359,17,5
359,45,1
359,61,2
359,5,3
360,31,4
360,47,2
360,69,5
360,93,3
360,15,4
360,4,1
360,76,5
361,58,3
361,97,5
361,34,4
361,52,1
361,86,2
361,18,5
361,42,3
362,79,4
362,19,1
362,85,5
362,44,3
362,73,4
362,24,2
362,90,5
363,63,3
363,3,5
363,55,4
363,95,1
363,22,2
363,67,5
363,40,3
364,72,4
364,50,2
364,91,5
364,30,3
364,60,4
364,16,1
364,48,5
365,84,3
365,11,5
365,35,4
365,53,1
365,78,2
365,26,5
365,92,3
366,41,4
366,23,2
366,87,5
366,49,3
366,75,4
366,2,1
366,57,5
367,74,3
367,14,5
367,32,4
367,6,1
367,68,2
367,20,5
367,99,3
368,62,4
368,80,2
368,13,5
368,38,3
368,54,4
368,8,1
368,96,5
369,46,3
369,71,5
369,27,4
369,9,1
369,43,2
369,59,5
369,81,3
370,77,4
370,33,2
370,64,5
370,89,3
370,51,4
370,28,1
370,1,5
371,65,4
371,12,5
371,98,3
371,21,2
371,83,5
371,37,1
371,70,4
372,7,3
372,56,5
372,100,4
372,29,5
372,94,2
372,82,4
372,10,3
373,25,5
373,66,3
373,88,4
373,17,5
373,45,1
373,61,2
373,5,3
374,31,4
374,47,2
374,69,5
374,93,3
374,15,4
374,4,1
374,76,5
375,58,3
375,97,5
375,34,4
375,52,1
375,86,2
375,18,5
375,42,3
376,79,4
376,19,1
376,85,5
376,44,3
376,73,4
376,24,2
376,90,5
377,63,3
377,3,5
377,55,4
377,95,1
377,22,2
377,67,5
377,40,3
378,72,4
378,50,2
378,91,5
378,30,3
378,60,4
378,16,1
378,48,5
379,84,3
379,11,5
379,35,4
379,53,1
379,78,2
379,26,5
379,92,3
380,41,4
380,23,2
380,87,5
380,49,3
380,75,4
380,2,1
380,57,5
381,74,3
381,14,5
381,32,4
381,6,1
381,68,2
381,20,5
381,99,3
382,62,4
382,80,2
382,13,5
382,38,3
382,54,4
382,8,1
382,96,5
383,46,3
383,71,5
383,27,4
383,9,1
383,43,2
383,59,5
383,81,3
384,77,4
384,33,2
384,64,5
384,89,3
384,51,4
384,28,1
384,1,5
385,65,4
385,12,5
385,98,3
385,21,2
385,83,5
385,37,1
385,70,4
386,7,3
386,56,5
386,100,4
386,29,5
386,94,2
386,82,4
386,10,3
387,25,5
387,66,3
387,88,4
387,17,5
387,45,1
387,61,2
387,5,3
388,31,4
388,47,2
388,69,5
388,93,3
388,15,4
388,4,1
388,76,5
389,58,3
389,97,5
389,34,4
389,52,1
389,86,2
389,18,5
389,42,3
390,79,4
390,19,1
390,85,5
390,44,3
390,73,4
390,24,2
390,90,5
391,63,3
391,3,5
391,55,4
391,95,1
391,22,2
391,67,5
391,40,3
392,72,4
392,50,2
392,91,5
392,30,3
392,60,4
392,16,1
392,48,5
393,84,3
393,11,5
393,35,4
393,53,1
393,78,2
393,26,5
393,92,3
394,41,4
394,23,2
394,87,5
394,49,3
394,75,4
394,2,1
394,57,5
395,74,3
395,14,5
395,32,4
395,6,1
395,68,2
395,20,5
395,99,3
396,62,4
396,80,2
396,13,5
396,38,3
396,54,4
396,8,1
396,96,5
397,46,3
397,71,5
397,27,4
397,9,1
397,43,2
397,59,5
397,81,3
398,77,4
398,33,2
398,64,5
398,89,3
398,51,4
398,28,1
398,1,5
399,65,4
399,12,5
399,98,3
399,21,2
399,83,5
399,37,1
399,70,4
400,7,3
400,56,5
400,100,4
400,29,5
400,94,2
400,82,4
400,10,3
401,55,4
401,99,5
401,82,3
401,19,2
401,11,5
401,60,1
401,39,4
402,51,3
402,30,5
402,9,4
402,87,5
402,63,2
402,41,4
402,25,3
403,58,5
403,94,3
403,6,4
403,49,1
403,28,5
403,14,2
403,70,3
404,21,4
404,78,2
404,18,5
404,96,3
404,5,4
404,71,1
404,33,5
405,90,3
405,43,5
405,69,4
405,10,1
405,52,2
405,3,5
405,85,3
406,59,4
406,37,2
406,83,5
406,12,3
406,75,4
406,48,1
406,27,5
407,40,3
407,62,5
407,16,4
407,34,1
407,91,2
407,56,5
407,20,3
408,74,4
408,13,2
408,81,5
408,47,3
408,24,4
408,98,1
408,73,5
409,17,3
409,67,5
409,36,4
409,95,1
409,22,2
409,61,5
409,89,3
410,35,4
410,93,2
410,7,5
410,53,3
410,26,4
410,79,1
410,42,5
411,54,3
411,10,5
411,80,4
411,46,1
411,32,2
411,97,5
411,68,3
412,38,4
412,12,2
412,66,5
412,44,3
412,72,4
412,29,1
412,86,5
413,45,3
413,8,5
413,92,4
413,15,1
413,77,2
413,31,5
413,64,3
414,1,4
414,50,2
414,100,5
414,23,3
414,88,4
414,76,1
414,4,5
415,19,3
415,60,5
415,82,4
415,11,1
415,39,2
415,55,5
415,99,3
416,25,4
416,41,2
416,63,5
416,87,3
416,9,4
416,30,1
416,51,5
417,70,3
417,14,5
417,28,4
417,49,1
417,6,2
417,94,5
417,58,3
418,33,4
418,71,2
418,5,5
418,96,3
418,18,4
418,78,1
418,21,5
419,85,3
419,3,5
419,52,4
419,10,1
419,69,2
419,43,5
419,90,3
420,27,4
420,48,2
420,75,5
420,12,3
420,83,4
420,37,1
420,59,5
421,20,3
421,56,5
421,91,4
421,34,1
421,16,2
421,62,5
421,40,3
422,73,4
422,98,2
422,24,5
422,47,3
422,81,4
422,13,1
422,74,5
423,89,3
423,61,5
423,22,4
423,95,1
423,36,2
423,67,5
423,17,3
424,42,4
424,79,2
424,26,5
424,53,3
424,7,4
424,93,1
424,35,5
425,68,3
425,97,5
425,32,4
425,46,1
425,80,2
425,10,5
425,54,3
426,86,4
426,29,2
426,72,5
426,44,3
426,66,4
426,12,1
426,38,5
427,7,3
427,20,5
427,50,4
427,90,1
427,15,2
427,77,5
427,31,3
428,64,4
428,1,2
428,4,5
428,88,3
428,23,4
428,100,1
428,76,5
429,55,3
429,99,5
429,82,4
429,19,1
429,11,2
429,60,5
429,39,3
430,51,4
430,30,2
430,9,5
430,87,3
430,63,4
430,41,1
430,25,5
431,58,3
431,94,5
431,6,4
431,49,1
431,28,2
431,14,5
431,70,3
432,21,4
432,78,2
432,18,5
432,96,3
432,5,4
432,71,1
432,33,5
433,90,3
433,43,5
433,69,4
433,10,1
433,52,2
433,3,5
433,85,3
434,59,4
434,37,2
434,83,5
434,12,3
434,75,4
434,48,1
434,27,5
435,40,3
435,62,5
435,16,4
435,34,1
435,91,2
435,56,5
435,20,3
436,74,4
436,13,2
436,81,5
436,47,3
436,24,4
436,98,1
436,73,5
437,17,3
437,67,5
437,36,4
437,95,1
437,22,2
437,61,5
437,89,3
438,35,4
438,93,2
438,7,5
438,53,3
438,26,4
438,79,1
438,42,5
439,54,3
439,10,5
439,80,4
439,46,1
439,32,2
439,97,5
439,68,3
440,38,4
440,12,2
440,66,5
440,44,3
440,72,4
440,29,1
440,86,5
441,45,3
441,8,5
441,92,4
441,15,1
441,77,2
441,31,5
441,64,3
442,1,4
442,50,2
442,100,5
442,23,3
442,88,4
442,76,1
442,4,5
443,19,3
443,60,5
443,82,4
443,11,1
443,39,2
443,55,5
443,99,3
444,25,4
444,41,2
444,63,5
444,87,3
444,9,4
444,30,1
444,51,5
445,70,3
445,14,5
445,28,4
445,49,1
445,6,2
445,94,5
445,58,3
446,33,4
446,71,2
446,5,5
446,96,3
446,18,4
446,78,1
446,21,5
447,85,3
447,3,5
447,52,4
447,10,1
447,69,2
447,43,5
447,90,3
448,27,4
448,48,2
448,75,5
448,12,3
448,83,4
448,37,1
448,59,5
449,20,3
449,56,5
449,91,4
449,34,1
449,16,2
449,62,5
449,40,3
450,73,4
450,98,2
450,24,5
450,47,3
450,81,4
450,13,1
450,74,5
451,11,5
451,68,2
451,35,4
451,93,1
451,52,5
451,26,3
451,7,4
451,80,5
452,14,3
452,61,5
452,47,2
452,99,4
452,30,1
452,55,3
452,19,5
452,71,4
453,92,5
453,58,3
453,77,4
453,24,1
453,40,2
453,69,5
453,3,3
453,88,4
454,2,5
454,49,3
454,73,4
454,17,1
454,64,5
454,33,2
454,85,3
454,100,4
455,27,5
455,60,3
455,83,4
455,95,1
455,42,2
455,10,5
455,75,3
455,39,4
456,86,5
456,53,2
456,21,4
456,79,1
456,12,5
456,91,3
456,44,4
456,66,5
457,72,3
457,8,5
457,32,2
457,59,4
457,15,1
457,48,3
457,25,5
457,97,4
458,5,5
458,46,3
458,1,4
458,76,1
458,22,5
458,98,2
458,36,3
458,6,4
459,43,5
459,29,3
459,81,4
459,74,1
459,50,2
459,96,5
459,16,3
459,56,4
460,63,5
460,13,2
460,89,4
460,34,1
460,4,5
460,78,3
460,23,4
460,67,5
461,11,5
461,68,2
461,35,4
461,93,1
461,52,5
461,26,3
461,7,4
461,80,5
462,14,3
462,61,5
462,47,2
462,99,4
462,30,1
462,55,3
462,19,5
462,71,4
463,92,5
463,58,3
463,77,4
463,24,1
463,40,2
463,69,5
463,3,3
463,88,4
464,2,5
464,49,3
464,73,4
464,17,1
464,64,5
464,33,2
464,85,3
464,100,4
465,27,5
465,60,3
465,83,4
465,95,1
465,42,2
465,10,5
465,75,3
465,39,4
466,86,5
466,53,2
466,21,4
466,79,1
466,12,5
466,91,3
466,44,4
466,66,5
467,72,3
467,8,5
467,32,2
467,59,4
467,15,1
467,48,3
467,25,5
467,97,4
468,5,5
468,46,3
468,1,4
468,76,1
468,22,5
468,98,2
468,36,3
468,6,4
469,43,5
469,29,3
469,81,4
469,74,1
469,50,2
469,96,5
469,16,3
469,56,4
470,63,5
470,13,2
470,89,4
470,34,1
470,4,5
470,78,3
470,23,4
470,67,5
471,11,5
471,68,2
471,35,4
471,93,1
471,52,5
471,26,3
471,7,4
471,80,5
472,14,3
472,61,5
472,47,2
472,99,4
472,30,1
472,55,3
472,19,5
472,71,4
473,92,5
473,58,3
473,77,4
473,24,1
473,40,2
473,69,5
473,3,3
473,88,4
474,2,5
474,49,3
474,73,4
474,17,1
474,64,5
474,33,2
474,85,3
474,100,4
475,27,5
475,60,3
475,83,4
475,95,1
475,42,2
475,10,5
475,75,3
475,39,4
476,86,5
476,53,2
476,21,4
476,79,1
476,12,5
476,91,3
476,44,4
476,66,5
477,72,3
477,8,5
477,32,2
477,59,4
477,15,1
477,48,3
477,25,5
477,97,4
478,5,5
478,46,3
478,1,4
478,76,1
478,22,5
478,98,2
478,36,3
478,6,4
479,43,5
479,29,3
479,81,4
479,74,1
479,50,2
479,96,5
479,16,3
479,56,4
480,63,5
480,13,2
480,89,4
480,34,1
480,4,5
480,78,3
480,23,4
480,67,5
481,11,5
481,68,2
481,35,4
481,93,1
481,52,5
481,26,3
481,7,4
481,80,5
482,14,3
482,61,5
482,47,2
482,99,4
482,30,1
482,55,3
482,19,5
482,71,4
483,92,5
483,58,3
483,77,4
483,24,1
483,40,2
483,69,5
483,3,3
483,88,4
484,2,5
484,49,3
484,73,4
484,17,1
484,64,5
484,33,2
484,85,3
484,100,4
485,27,5
485,60,3
485,83,4
485,95,1
485,42,2
485,10,5
485,75,3
485,39,4
486,86,5
486,53,2
486,21,4
486,79,1
486,12,5
486,91,3
486,44,4
486,66,5
487,72,3
487,8,5
487,32,2
487,59,4
487,15,1
487,48,3
487,25,5
487,97,4
488,5,5
488,46,3
488,1,4
488,76,1
488,22,5
488,98,2
488,36,3
488,6,4
489,43,5
489,29,3
489,81,4
489,74,1
489,50,2
489,96,5
489,16,3
489,56,4
490,63,5
490,13,2
490,89,4
490,34,1
490,4,5
490,78,3
490,23,4
490,67,5
491,11,5
491,68,2
491,35,4
491,93,1
491,52,5
491,26,3
491,7,4
491,80,5
492,14,3
492,61,5
492,47,2
492,99,4
492,30,1
492,55,3
492,19,5
492,71,4
493,92,5
493,58,3
493,77,4
493,24,1
493,40,2
493,69,5
493,3,3
493,88,4
494,2,5
494,49,3
494,73,4
494,17,1
494,64,5
494,33,2
494,85,3
494,100,4
495,27,5
495,60,3
495,83,4
495,95,1
495,42,2
495,10,5
495,75,3
495,39,4
496,86,5
496,53,2
496,21,4
496,79,1
496,12,5
496,91,3
496,44,4
496,66,5
497,72,3
497,8,5
497,32,2
497,59,4
497,15,1
497,48,3
497,25,5
497,97,4
498,5,5
498,46,3
498,1,4
498,76,1
498,22,5
498,98,2
498,36,3
498,6,4
499,43,5
499,29,3
499,81,4
499,74,1
499,50,2
499,96,5
499,16,3
499,56,4
500,63,5
500,13,2
500,89,4
500,34,1
500,4,5
500,78,3
500,23,4
500,67,5
501,11,5
501,68,2
501,35,4
501,93,1
501,52,5
501,26,3
501,7,4
501,80,5
502,14,3
502,61,5
502,47,2
502,99,4
502,30,1
502,55,3
502,19,5
502,71,4
503,92,5
503,58,3
503,77,4
503,24,1
503,40,2
503,69,5
503,3,3
503,88,4
504,2,5
504,49,3
504,73,4
504,17,1
504,64,5
504,33,2
504,85,3
504,100,4
505,27,5
505,60,3
505,83,4
505,95,1
505,42,2
505,10,5
505,75,3
505,39,4
506,86,5
506,53,2
506,21,4
506,79,1
506,12,5
506,91,3
506,44,4
506,66,5
507,72,3
507,8,5
507,32,2
507,59,4
507,15,1
507,48,3
507,25,5
507,97,4
508,5,5
508,46,3
508,1,4
508,76,1
508,22,5
508,98,2
508,36,3
508,6,4
509,43,5
509,29,3
509,81,4
509,74,1
509,50,2
509,96,5
509,16,3
509,56,4
510,63,5
510,13,2
510,89,4
510,34,1
510,4,5
510,78,3
510,23,4
510,67,5
511,11,5
511,68,2
511,35,4
511,93,1
511,52,5
511,26,3
511,7,4
511,80,5
512,14,3
512,61,5
512,47,2
512,99,4
512,30,1
512,55,3
512,19,5
512,71,4
513,92,5
513,58,3
513,77,4
513,24,1
513,40,2
513,69,5
513,3,3
513,88,4
514,2,5
514,49,3
514,73,4
514,17,1
514,64,5
514,33,2
514,85,3
514,100,4
515,27,5
515,60,3
515,83,4
515,95,1
515,42,2
515,10,5
515,75,3
515,39,4
516,86,5
516,53,2
516,21,4
516,79,1
516,12,5
516,91,3
516,44,4
516,66,5
517,72,3
517,8,5
517,32,2
517,59,4
517,15,1
517,48,3
517,25,5
517,97,4
518,5,5
518,46,3
518,1,4
518,76,1
518,22,5
518,98,2
518,36,3
518,6,4
519,43,5
519,29,3
519,81,4
519,74,1
519,50,2
519,96,5
519,16,3
519,56,4
520,63,5
520,13,2
520,89,4
520,34,1
520,4,5
520,78,3
520,23,4
520,67,5
521,11,5
521,68,2
521,35,4
521,93,1
521,52,5
521,26,3
521,7,4
521,80,5
522,14,3
522,61,5
522,47,2
522,99,4
522,30,1
522,55,3
522,19,5
522,71,4
523,92,5
523,58,3
523,77,4
523,24,1
523,40,2
523,69,5
523,3,3
523,88,4
524,2,5
524,49,3
524,73,4
524,17,1
524,64,5
524,33,2
524,85,3
524,100,4
525,27,5
525,60,3
525,83,4
525,95,1
525,42,2
525,10,5
525,75,3
525,39,4
526,86,5
526,53,2
526,21,4
526,79,1
526,12,5
526,91,3
526,44,4
526,66,5
527,72,3
527,8,5
527,32,2
527,59,4
527,15,1
527,48,3
527,25,5
527,97,4
528,5,5
528,46,3
528,1,4
528,76,1
528,22,5
528,98,2
528,36,3
528,6,4
529,43,5
529,29,3
529,81,4
529,74,1
529,50,2
529,96,5
529,16,3
529,56,4
530,63,5
530,13,2
530,89,4
530,34,1
530,4,5
530,78,3
530,23,4
530,67,5
531,11,5
531,68,2
531,35,4
531,93,1
531,52,5
531,26,3
531,7,4
531,80,5
532,14,3
532,61,5
532,47,2
532,99,4
532,30,1
532,55,3
532,19,5
532,71,4
533,92,5
533,58,3
533,77,4
533,24,1
533,40,2
533,69,5
533,3,3
533,88,4
534,2,5
534,49,3
534,73,4
534,17,1
534,64,5
534,33,2
534,85,3
534,100,4
535,27,5
535,60,3
535,83,4
535,95,1
535,42,2
535,10,5
535,75,3
535,39,4
536,86,5
536,53,2
536,21,4
536,79,1
536,12,5
536,91,3
536,44,4
536,66,5
537,72,3
537,8,5
537,32,2
537,59,4
537,15,1
537,48,3
537,25,5
537,97,4
538,5,5
538,46,3
538,1,4
538,76,1
538,22,5
538,98,2
538,36,3
538,6,4
539,43,5
539,29,3
539,81,4
539,74,1
539,50,2
539,96,5
539,16,3
539,56,4
540,63,5
540,13,2
540,89,4
540,34,1
540,4,5
540,78,3
540,23,4
540,67,5
541,11,5
541,68,2
541,35,4
541,93,1
541,52,5
541,26,3
541,7,4
541,80,5
542,14,3
542,61,5
542,47,2
542,99,4
542,30,1
542,55,3
542,19,5
542,71,4
543,92,5
543,58,3
543,77,4
543,24,1
543,40,2
543,69,5
543,3,3
543,88,4
544,2,5
544,49,3
544,73,4
544,17,1
544,64,5
544,33,2
544,85,3
544,100,4
545,27,5
545,60,3
545,83,4
545,95,1
545,42,2
545,10,5
545,75,3
545,39,4
546,86,5
546,53,2
546,21,4
546,79,1
546,12,5
546,91,3
546,44,4
546,66,5
547,72,3
547,8,5
547,32,2
547,59,4
547,15,1
547,48,3
547,25,5
547,97,4
548,5,5
548,46,3
548,1,4
548,76,1
548,22,5
548,98,2
548,36,3
548,6,4
549,43,5
549,29,3
549,81,4
549,74,1
549,50,2
549,96,5
549,16,3
549,56,4
550,63,5
550,13,2
550,89,4
550,34,1
550,4,5
550,78,3
550,23,4
550,67,5
551,77,4
551,31,5
551,98,2
551,19,3
551,4,1
551,80,5
551,62,4
551,1,3
552,50,5
552,90,3
552,6,4
552,24,1
552,85,2
552,100,5
552,38,3
552,73,4
553,10,5
553,42,3
553,75,4
553,12,1
553,66,2
553,8,5
553,27,3
553,53,4
554,95,5
554,39,3
554,58,4
554,17,1
554,83,2
554,49,5
554,71,3
554,2,4
555,22,5
555,86,3
555,59,4
555,36,1
555,15,2
555,76,5
555,48,3
555,93,4
556,5,5
556,64,3
556,33,4
556,91,1
556,21,2
556,79,5
556,13,3
556,44,4
557,78,5
557,29,3
557,96,4
557,56,1
557,30,2
557,81,5
557,16,3
557,52,4
558,67,5
558,34,3
558,40,4
558,23,1
558,89,2
558,72,5
558,97,3
558,46,4
559,25,5
559,51,3
559,94,4
559,7,1
559,47,2
559,60,5
559,32,3
559,68,4
560,9,5
560,70,3
560,54,4
560,18,1
560,82,2
560,3,5
560,55,3
560,14,4
561,77,4
561,31,5
561,98,2
561,19,3
561,4,1
561,80,5
561,62,4
561,1,3
562,50,5
562,90,3
562,6,4
562,24,1
562,85,2
562,100,5
562,38,3
562,73,4
563,10,5
563,42,3
563,75,4
563,12,1
563,66,2
563,8,5
563,27,3
563,53,4
564,95,5
564,39,3
564,58,4
564,17,1
564,83,2
564,49,5
564,71,3
564,2,4
565,22,5
565,86,3
565,59,4
565,36,1
565,15,2
565,76,5
565,48,3
565,93,4
566,5,5
566,64,3
566,33,4
566,91,1
566,21,2
566,79,5
566,13,3
566,44,4
567,78,5
567,29,3
567,96,4
567,56,1
567,30,2
567,81,5
567,16,3
567,52,4
568,67,5
568,34,3
568,40,4
568,23,1
568,89,2
568,72,5
568,97,3
568,46,4
569,25,5
569,51,3
569,94,4
569,7,1
569,47,2
569,60,5
569,32,3
569,68,4
570,9,5
570,70,3
570,54,4
570,18,1
570,82,2
570,3,5
570,55,3
570,14,4
571,77,4
571,31,5
571,98,2
571,19,3
571,4,1
571,80,5
571,62,4
571,1,3
572,50,5
572,90,3
572,6,4
572,24,1
572,85,2
572,100,5
572,38,3
572,73,4
573,10,5
573,42,3
573,75,4
573,12,1
573,66,2
573,8,5
573,27,3
573,53,4
574,95,5
574,39,3
574,58,4
574,17,1
574,83,2
574,49,5
574,71,3
574,2,4
575,22,5
575,86,3
575,59,4
575,36,1
575,15,2
575,76,5
575,48,3
575,93,4
576,5,5
576,64,3
576,33,4
576,91,1
576,21,2
576,79,5
576,13,3
576,44,4
577,78,5
577,29,3
577,96,4
577,56,1
577,30,2
577,81,5
577,16,3
577,52,4
578,67,5
578,34,3
578,40,4
578,23,1
578,89,2
578,72,5
578,97,3
578,46,4
579,25,5
579,51,3
579,94,4
579,7,1
579,47,2
579,60,5
579,32,3
579,68,4
580,9,5
580,70,3
580,54,4
580,18,1
580,82,2
580,3,5
580,55,3
580,14,4
581,77,4
581,31,5
581,98,2
581,19,3
581,4,1
581,80,5
581,62,4
581,1,3
582,50,5
582,90,3
582,6,4
582,24,1
582,85,2
582,100,5
582,38,3
582,73,4
583,10,5
583,42,3
583,75,4
583,12,1
583,66,2
583,8,5
583,27,3
583,53,4
584,95,5
584,39,3
584,58,4
584,17,1
584,83,2
584,49,5
584,71,3
584,2,4
585,22,5
585,86,3
585,59,4
585,36,1
585,15,2
585,76,5
585,48,3
585,93,4
586,5,5
586,64,3
586,33,4
586,91,1
586,21,2
586,79,5
586,13,3
586,44,4
587,78,5
587,29,3
587,96,4
587,56,1
587,30,2
587,81,5
587,16,3
587,52,4
588,67,5
588,34,3
588,40,4
588,23,1
588,89,2
588,72,5
588,97,3
588,46,4
589,25,5
589,51,3
589,94,4
589,7,1
589,47,2
589,60,5
589,32,3
589,68,4
590,9,5
590,70,3
590,54,4
590,18,1
590,82,2
590,3,5
590,55,3
590,14,4
591,77,4
591,31,5
591,98,2
591,19,3
591,4,1
591,80,5
591,62,4
591,1,3
592,50,5
592,90,3
592,6,4
592,24,1
592,85,2
592,100,5
592,38,3
592,73,4
593,10,5
593,42,3
593,75,4
593,12,1
593,66,2
593,8,5
593,27,3
593,53,4
594,95,5
594,39,3
594,58,4
594,17,1
594,83,2
594,49,5
594,71,3
594,2,4
595,22,5
595,86,3
595,59,4
595,36,1
595,15,2
595,76,5
595,48,3
595,93,4
596,5,5
596,64,3
596,33,4
596,91,1
596,21,2
596,79,5
596,13,3
596,44,4
597,78,5
597,29,3
597,96,4
597,56,1
597,30,2
597,81,5
597,16,3
597,52,4
598,67,5
598,34,3
598,40,4
598,23,1
598,89,2
598,72,5
598,97,3
598,46,4
599,25,5
599,51,3
599,94,4
599,7,1
599,47,2
599,60,5
599,32,3
599,68,4
600,9,5
600,70,3
600,54,4
600,18,1
600,82,2
600,3,5
600,55,3
600,14,4
601,77,4
601,31,5
601,98,2
601,19,3
601,4,1
601,80,5
601,62,4
601,1,3
602,50,5
602,90,3
602,6,4
602,24,1
602,85,2
602,100,5
602,38,3
602,73,4
603,10,5
603,42,3
603,75,4
603,12,1
603,66,2
603,8,5
603,27,3
603,53,4
604,95,5
604,39,3
604,58,4
604,17,1
604,83,2
604,49,5
604,71,3
604,2,4
605,22,5
605,86,3
605,59,4
605,36,1
605,15,2
605,76,5
605,48,3
605,93,4
606,5,5
606,64,3
606,33,4
606,91,1
606,21,2
606,79,5
606,13,3
606,44,4
607,78,5
607,29,3
607,96,4
607,56,1
607,30,2
607,81,5
607,16,3
607,52,4
608,67,5
608,34,3
608,40,4
608,23,1
608,89,2
608,72,5
608,97,3
608,46,4
609,25,5
609,51,3
609,94,4
609,7,1
609,47,2
609,60,5
609,32,3
609,68,4
610,9,5
610,70,3
610,54,4
610,18,1
610,82,2
610,3,5
610,55,3
610,14,4
611,77,4
611,31,5
611,98,2
611,19,3
611,4,1
611,80,5
611,62,4
611,1,3
612,50,5
612,90,3
612,6,4
612,24,1
612,85,2
612,100,5
612,38,3
612,73,4
613,10,5
613,42,3
613,75,4
613,12,1
613,66,2
613,8,5
613,27,3
613,53,4
614,95,5
614,39,3
614,58,4
614,17,1
614,83,2
614,49,5
614,71,3
614,2,4
615,22,5
615,86,3
615,59,4
615,36,1
615,15,2
615,76,5
615,48,3
615,93,4
616,5,5
616,64,3
616,33,4
616,91,1
616,21,2
616,79,5
616,13,3
616,44,4
617,78,5
617,29,3
617,96,4
617,56,1
617,30,2
617,81,5
617,16,3
617,52,4
618,67,5
618,34,3
618,40,4
618,23,1
618,89,2
618,72,5
618,97,3
618,46,4
619,25,5
619,51,3
619,94,4
619,7,1
619,47,2
619,60,5
619,32,3
619,68,4
620,9,5
620,70,3
620,54,4
620,18,1
620,82,2
620,3,5
620,55,3
620,14,4
621,77,4
621,31,5
621,98,2
621,19,3
621,4,1
621,80,5
621,62,4
621,1,3
622,50,5
622,90,3
622,6,4
622,24,1
622,85,2
622,100,5
622,38,3
622,73,4
623,10,5
623,42,3
623,75,4
623,12,1
623,66,2
623,8,5
623,27,3
623,53,4
624,95,5
624,39,3
624,58,4
624,17,1
624,83,2
624,49,5
624,71,3
624,2,4
625,22,5
625,86,3
625,59,4
625,36,1
625,15,2
625,76,5
625,48,3
625,93,4
626,5,5
626,64,3
626,33,4
626,91,1
626,21,2
626,79,5
626,13,3
626,44,4
627,78,5
627,29,3
627,96,4
627,56,1
627,30,2
627,81,5
627,16,3
627,52,4
628,67,5
628,34,3
628,40,4
628,23,1
628,89,2
628,72,5
628,97,3
628,46,4
629,25,5
629,51,3
629,94,4
629,7,1
629,47,2
629,60,5
629,32,3
629,68,4
630,9,5
630,70,3
630,54,4
630,18,1
630,82,2
630,3,5
630,55,3
630,14,4
631,77,4
631,31,5
631,98,2
631,19,3
631,4,1
631,80,5
631,62,4
631,1,3
632,50,5
632,90,3
632,6,4
632,24,1
632,85,2
632,100,5
632,38,3
632,73,4
633,10,5
633,42,3
633,75,4
633,12,1
633,66,2
633,8,5
633,27,3
633,53,4
634,95,5
634,39,3
634,58,4
634,17,1
634,83,2
634,49,5
634,71,3
634,2,4
635,22,5
635,86,3
635,59,4
635,36,1
635,15,2
635,76,5
635,48,3
635,93,4
636,5,5
636,64,3
636,33,4
636,91,1
636,21,2
636,79,5
636,13,3
636,44,4
637,78,5
637,29,3
637,96,4
637,56,1
637,30,2
637,81,5
637,16,3
637,52,4
638,67,5
638,34,3
638,40,4
638,23,1
638,89,2
638,72,5
638,97,3
638,46,4
639,25,5
639,51,3
639,94,4
639,7,1
639,47,2
639,60,5
639,32,3
639,68,4
640,9,5
640,70,3
640,54,4
640,18,1
640,82,2
640,3,5
640,55,3
640,14,4
641,77,4
641,31,5
641,98,2
641,19,3
641,4,1
641,80,5
641,62,4
641,1,3
642,50,5
642,90,3
642,6,4
642,24,1
642,85,2
642,100,5
642,38,3
642,73,4
643,10,5
643,42,3
643,75,4
643,12,1
643,66,2
643,8,5
643,27,3
643,53,4
644,95,5
644,39,3
644,58,4
644,17,1
644,83,2
644,49,5
644,71,3
644,2,4
645,22,5
645,86,3
645,59,4
645,36,1
645,15,2
645,76,5
645,48,3
645,93,4
646,5,5
646,64,3
646,33,4
646,91,1
646,21,2
646,79,5
646,13,3
646,44,4
647,78,5
647,29,3
647,96,4
647,56,1
647,30,2
647,81,5
647,16,3
647,52,4
648,67,5
648,34,3
648,40,4
648,23,1
648,89,2
648,72,5
648,97,3
648,46,4
649,25,5
649,51,3
649,94,4
649,7,1
649,47,2
649,60,5
649,32,3
649,68,4
650,9,5
650,70,3
650,54,4
650,18,1
650,82,2
650,3,5
650,55,3
650,14,4
651,77,4
651,31,5
651,98,2
651,19,3
651,4,1
651,80,5
651,62,4
651,1,3
652,50,5
652,90,3
652,6,4
652,24,1
652,85,2
652,100,5
652,38,3
652,73,4
653,10,5
653,42,3
653,75,4
653,12,1
653,66,2
653,8,5
653,27,3
653,53,4
654,95,5
654,39,3
654,58,4
654,17,1
654,83,2
654,49,5
654,71,3
654,2,4
655,22,5
655,86,3
655,59,4
655,36,1
655,15,2
655,76,5
655,48,3
655,93,4
656,5,5
656,64,3
656,33,4
656,91,1
656,21,2
656,79,5
656,13,3
656,44,4
657,78,5
657,29,3
657,96,4
657,56,1
657,30,2
657,81,5
657,16,3
657,52,4
658,67,5
658,34,3
658,40,4
658,23,1
658,89,2
658,72,5
658,97,3
658,46,4
659,25,5
659,51,3
659,94,4
659,7,1
659,47,2
659,60,5
659,32,3
659,68,4
660,9,5
660,70,3
660,54,4
660,18,1
660,82,2
660,3,5
660,55,3
660,14,4
661,77,4
661,31,5
661,98,2
661,19,3
661,4,1
661,80,5
661,62,4
661,1,3
662,50,5
662,90,3
662,6,4
662,24,1
662,85,2
662,100,5
662,38,3
662,73,4
663,10,5
663,42,3
663,75,4
663,12,1
663,66,2
663,8,5
663,27,3
663,53,4
664,95,5
664,39,3
664,58,4
664,17,1
664,83,2
664,49,5
664,71,3
664,2,4
665,22,5
665,86,3
665,59,4
665,36,1
665,15,2
665,76,5
665,48,3
665,93,4
666,5,5
666,64,3
666,33,4
666,91,1
666,21,2
666,79,5
666,13,3
666,44,4
667,78,5
667,29,3
667,96,4
667,56,1
667,30,2
667,81,5
667,16,3
667,52,4
668,67,5
668,34,3
668,40,4
668,23,1
668,89,2
668,72,5
668,97,3
668,46,4
669,25,5
669,51,3
669,94,4
669,7,1
669,47,2
669,60,5
669,32,3
669,68,4
670,9,5
670,70,3
670,54,4
670,18,1
670,82,2
670,3,5
670,55,3
670,14,4
671,77,4
671,31,5
671,98,2
671,19,3
671,4,1
671,80,5
671,62,4
671,1,3
672,50,5
672,90,3
672,6,4
672,24,1
672,85,2
672,100,5
672,38,3
672,73,4
673,10,5
673,42,3
673,75,4
673,12,1
673,66,2
673,8,5
673,27,3
673,53,4
674,95,5
674,39,3
674,58,4
674,17,1
674,83,2
674,49,5
674,71,3
674,2,4
675,22,5
675,86,3
675,59,4
675,36,1
675,15,2
675,76,5
675,48,3
675,93,4
676,5,5
676,64,3
676,33,4
676,91,1
676,21,2
676,79,5
676,13,3
676,44,4
677,78,5
677,29,3
677,96,4
677,56,1
677,30,2
677,81,5
677,16,3
677,52,4
678,67,5
678,34,3
678,40,4
678,23,1
678,89,2
678,72,5
678,97,3
678,46,4
679,25,5
679,51,3
679,94,4
679,7,1
679,47,2
679,60,5
679,32,3
679,68,4
680,9,5
680,70,3
680,54,4
680,18,1
680,82,2
680,3,5
680,55,3
680,14,4
681,77,4
681,31,5
681,98,2
681,19,3
681,4,1
681,80,5
681,62,4
681,1,3
682,50,5
682,90,3
682,6,4
682,24,1
682,85,2
682,100,5
682,38,3
682,73,4
683,10,5
683,42,3
683,75,4
683,12,1
683,66,2
683,8,5
683,27,3
683,53,4
684,95,5
684,39,3
684,58,4
684,17,1
684,83,2
684,49,5
684,71,3
684,2,4
685,22,5
685,86,3
685,59,4
685,36,1
685,15,2
685,76,5
685,48,3
685,93,4
686,5,5
686,64,3
686,33,4
686,91,1
686,21,2
686,79,5
686,13,3
686,44,4
687,78,5
687,29,3
687,96,4
687,56,1
687,30,2
687,81,5
687,16,3
687,52,4
688,67,5
688,34,3
688,40,4
688,23,1
688,89,2
688,72,5
688,97,3
688,46,4
689,25,5
689,51,3
689,94,4
689,7,1
689,47,2
689,60,5
689,32,3
689,68,4
690,9,5
690,70,3
690,54,4
690,18,1
690,82,2
690,3,5
690,55,3
690,14,4
691,77,4
691,31,5
691,98,2
691,19,3
691,4,1
691,80,5
691,62,4
691,1,3
692,50,5
692,90,3
692,6,4
692,24,1
692,85,2
692,100,5
692,38,3
692,73,4
693,10,5
693,42,3
693,75,4
693,12,1
693,66,2
693,8,5
693,27,3
693,53,4
694,95,5
694,39,3
694,58,4
694,17,1
694,83,2
694,49,5
694,71,3
694,2,4
695,22,5
695,86,3
695,59,4
695,36,1
695,15,2
695,76,5
695,48,3
695,93,4
696,5,5
696,64,3
696,33,4
696,91,1
696,21,2
696,79,5
696,13,3
696,44,4
697,78,5
697,29,3
697,96,4
697,56,1
697,30,2
697,81,5
697,16,3
697,52,4
698,67,5
698,34,3
698,40,4
698,23,1
698,89,2
698,72,5
698,97,3
698,46,4
699,25,5
699,51,3
699,94,4
699,7,1
699,47,2
699,60,5
699,32,3
699,68,4
700,9,5
700,70,3
700,54,4
700,18,1
700,82,2
700,3,5
700,55,3
700,14,4
