user_id,username,email,telephone,birthdate,gender,created_at
1,jgonzalez01,jgonzalez01@mail.com,11-4501-1001,5/15/1985,F,1/10/2024
2,mrodriguez02,mrodriguez02@mail.com,11-4501-1002,11/20/1992,M,1/10/2024
3,pperez03,pperez03@mail.com,11-4501-1003,3/1/2000,X,1/10/2024
4,llopez04,llopez04@mail.com,11-4501-1004,7/25/1978,F,1/10/2024
5,acarcia05,acarcia05@mail.com,11-4501-1005,9/12/1995,M,1/10/2024
6,rmartinez06,rmartinez06@mail.com,11-4501-1006,1/30/1988,F,1/10/2024
7,dsanchez07,dsanchez07@mail.com,11-4501-1007,4/5/1999,M,1/10/2024
8,cfernandez08,cfernandez08@mail.com,11-4501-1008,12/18/1975,F,1/10/2024
9,ajimenez09,ajimenez09@mail.com,11-4501-1009,6/22/1990,M,1/10/2024
10,evargas10,evargas10@mail.com,11-4501-1010,8/8/1982,F,1/10/2024
11,fherrera11,fherrera11@mail.com,11-4501-1011,2/14/2001,M,1/10/2024
12,rdiaz12,rdiaz12@mail.com,11-4501-1012,10/28/1970,F,1/10/2024
13,mruiz13,mruiz13@mail.com,11-4501-1013,3/19/1997,M,1/10/2024
14,gsoto14,gsoto14@mail.com,11-4501-1014,5/7/1986,F,1/10/2024
15,hmorales15,hmorales15@mail.com,11-4501-1015,9/3/1993,M,1/10/2024
16,pcastro16,pcastro16@mail.com,11-4501-1016,1/9/1980,F,1/10/2024
17,jsierra17,jsierra17@mail.com,11-4501-1017,11/25/2002,M,1/10/2024
18,aibarra18,aibarra18@mail.com,11-4501-1018,4/16/1972,F,1/10/2024
19,ccruz19,ccruz19@mail.com,11-4501-1019,6/2/1994,M,1/10/2024
20,lbravo20,lbravo20@mail.com,11-4501-1020,12/10/1989,F,1/10/2024
21,dcampos21,dcampos21@mail.com,11-4501-1021,2/28/1976,M,1/10/2024
22,esalas22,esalas22@mail.com,11-4501-1022,7/7/1991,F,1/10/2024
23,mvega23,mvega23@mail.com,11-4501-1023,5/21/2003,M,1/10/2024
24,rrojas24,rrojas24@mail.com,11-4501-1024,9/17/1983,F,1/10/2024
25,sflores25,sflores25@mail.com,11-4501-1025,3/8/1996,M,1/11/2024
26,jnavarro26,jnavarro26@mail.com,11-4501-1026,11/4/1974,F,1/11/2024
27,pvalencia27,pvalencia27@mail.com,11-4501-1027,4/11/1987,M,1/11/2024
28,acarvajal28,acarvajal28@mail.com,11-4501-1028,12/6/1998,F,1/11/2024
29,nchacon29,nchacon29@mail.com,11-4501-1029,8/29/1979,M,1/11/2024
30,bmolina30,bmolina30@mail.com,11-4501-1030,5/13/1990,F,1/11/2024
31,zcastillo31,zcastillo31@mail.com,11-4501-1031,1/24/1984,M,1/11/2024
32,tespinoza32,tespinoza32@mail.com,11-4501-1032,3/16/2004,F,1/11/2024
33,faguilar33,faguilar33@mail.com,11-4501-1033,10/9/1971,M,1/11/2024
34,vorellana34,vorellana34@mail.com,11-4501-1034,7/1/1995,F,1/11/2024
35,ksandoval35,ksandoval35@mail.com,11-4501-1035,11/14/1986,M,1/11/2024
36,lreyes36,lreyes36@mail.com,11-4501-1036,2/5/1993,F,1/11/2024
37,qzamora37,qzamora37@mail.com,11-4501-1037,6/27/1977,M,1/11/2024
38,jmendez38,jmendez38@mail.com,11-4501-1038,12/3/1981,F,1/11/2024
39,rsalas39,rsalas39@mail.com,11-4501-1039,4/20/1992,M,1/11/2024
40,crivera40,crivera40@mail.com,11-4501-1040,8/18/1985,F,1/11/2024
41,afigueroa41,afigueroa41@mail.com,11-4501-1041,3/29/1973,M,1/11/2024
42,hmolina42,hmolina42@mail.com,11-4501-1042,9/6/1999,F,1/11/2024
43,mcampos43,mcampos43@mail.com,11-4501-1043,6/15/1988,M,1/11/2024
44,vjimenez44,vjimenez44@mail.com,11-4501-1044,11/22/1994,F,1/11/2024
45,ntorres45,ntorres45@mail.com,11-4501-1045,1/17/1970,M,1/11/2024
46,gsilva46,gsilva46@mail.com,11-4501-1046,5/19/1980,F,1/11/2024
47,fvargas47,fvargas47@mail.com,11-4501-1047,12/4/2005,M,1/11/2024
48,bzuniga48,bzuniga48@mail.com,11-4501-1048,2/12/1975,F,1/11/2024
49,ecortes49,ecortes49@mail.com,11-4501-1049,4/30/1983,M,1/12/2024
50,lrojas50,lrojas50@mail.com,11-4501-1050,10/2/1991,F,1/12/2024
51,gvega51,gvega51@mail.com,11-4501-1051,8/1/1971,M,1/12/2024
52,hramos52,hramos52@mail.com,11-4501-1052,3/20/1993,F,1/12/2024
53,ifernandez53,ifernandez53@mail.com,11-4501-1053,6/12/1980,M,1/12/2024
54,jdelgado54,jdelgado54@mail.com,11-4501-1054,9/5/2004,F,1/12/2024
55,kortiz55,kortiz55@mail.com,11-4501-1055,11/28/1975,M,1/12/2024
56,lmarin56,lmarin56@mail.com,11-4501-1056,2/14/1988,X,1/12/2024
57,mrivero57,mrivero57@mail.com,11-4501-1057,7/3/1996,F,1/12/2024
58,nsalas58,nsalas58@mail.com,11-4501-1058,12/19/1982,M,1/12/2024
59,operez59,operez59@mail.com,11-4501-1059,4/25/1970,F,1/12/2024
60,qalmeida60,qalmeida60@mail.com,11-4501-1060,1/8/1999,M,1/12/2024
61,rbravo61,rbravo61@mail.com,11-4501-1061,5/15/1985,F,1/12/2024
62,scastro62,scastro62@mail.com,11-4501-1062,10/30/1977,M,1/12/2024
63,tduarte63,tduarte63@mail.com,11-4501-1063,3/4/1991,F,1/12/2024
64,uespinoza64,uespinoza64@mail.com,11-4501-1064,8/11/1984,M,1/12/2024
65,vflores65,vflores65@mail.com,11-4501-1065,1/27/2002,F,1/12/2024
66,wgarcia66,wgarcia66@mail.com,11-4501-1066,5/9/1973,M,1/12/2024
67,xherrera67,xherrera67@mail.com,11-4501-1067,12/1/1998,F,1/12/2024
68,yjimenez68,yjimenez68@mail.com,11-4501-1068,6/24/1986,X,1/12/2024
69,zlopez69,zlopez69@mail.com,11-4501-1069,9/17/1979,M,1/12/2024
70,agonzalez70,agonzalez70@mail.com,11-4501-1070,4/13/1995,F,1/12/2024
71,brodriguez71,brodriguez71@mail.com,11-4501-1071,11/2/1974,M,1/12/2024
72,cperez72,cperez72@mail.com,11-4501-1072,8/28/1990,F,1/12/2024
73,dlopez73,dlopez73@mail.com,11-4501-1073,1/7/1981,M,1/13/2024
74,egarcia74,egarcia74@mail.com,11-4501-1074,5/23/2003,F,1/13/2024
75,fmartinez75,fmartinez75@mail.com,11-4501-1075,2/16/1976,M,1/13/2024
76,gsanchez76,gsanchez76@mail.com,11-4501-1076,10/10/1992,F,1/13/2024
77,hfernandez77,hfernandez77@mail.com,11-4501-1077,4/4/1983,M,1/13/2024
78,ijimenez78,ijimenez78@mail.com,11-4501-1078,7/29/1978,F,1/13/2024
79,jvargas79,jvargas79@mail.com,11-4501-1079,11/21/1994,M,1/13/2024
80,kherrera80,kherrera80@mail.com,11-4501-1080,12/14/1986,F,1/13/2024
81,ldiaz81,ldiaz81@mail.com,11-4501-1081,3/6/1970,M,1/13/2024
82,mruiz82,mruiz82@mail.com,11-4501-1082,6/25/1997,X,1/13/2024
83,nsoto83,nsoto83@mail.com,11-4501-1083,1/19/1989,F,1/13/2024
84,ocastro84,ocastro84@mail.com,11-4501-1084,4/1/1972,M,1/13/2024
85,pperez85,pperez85@mail.com,11-4501-1085,10/16/2000,F,1/13/2024
86,qibarra86,qibarra86@mail.com,11-4501-1086,3/9/1985,M,1/13/2024
87,ravalos87,ravalos87@mail.com,11-4501-1087,8/22/1977,F,1/13/2024
88,scruz88,scruz88@mail.com,11-4501-1088,12/7/1993,M,1/13/2024
89,tbravo89,tbravo89@mail.com,11-4501-1089,5/31/1980,F,1/13/2024
90,ucampos90,ucampos90@mail.com,11-4501-1090,2/11/1996,M,1/13/2024
91,vsalas91,vsalas91@mail.com,11-4501-1091,9/3/1974,F,1/13/2024
92,wvega92,wvega92@mail.com,11-4501-1092,7/28/1987,M,1/13/2024
93,xrojas93,xrojas93@mail.com,11-4501-1093,1/14/2005,F,1/13/2024
94,yflores94,yflores94@mail.com,11-4501-1094,11/6/1983,X,1/13/2024
95,znavarro95,znavarro95@mail.com,11-4501-1095,8/21/1970,M,1/13/2024
96,avalencia96,avalencia96@mail.com,11-4501-1096,4/12/1991,F,1/13/2024
97,bcarvajal97,bcarvajal97@mail.com,11-4501-1097,9/8/1986,M,1/14/2024
98,cchacon98,cchacon98@mail.com,11-4501-1098,2/3/1979,F,1/14/2024
99,dmolina99,dmolina99@mail.com,11-4501-1099,7/16/1998,M,1/14/2024
100,ecastillo100,ecastillo100@mail.com,11-4501-1100,12/29/1973,F,1/14/2024
101,fespinoza101,fespinoza101@mail.com,11-4501-1101,3/22/1984,M,1/14/2024
102,gaguilar102,gaguilar102@mail.com,11-4501-1102,8/7/2001,F,1/14/2024
103,hvargas103,hvargas103@mail.com,11-4501-1103,10/24/1976,X,1/14/2024
104,iksandoval104,iksandoval104@mail.com,11-4501-1104,5/18/1995,M,1/14/2024
105,jreyes105,jreyes105@mail.com,11-4501-1105,12/2/1982,F,1/14/2024
106,qzamora106,qzamora106@mail.com,11-4501-1106,4/26/1971,M,1/14/2024
107,rmendez107,rmendez107@mail.com,11-4501-1107,9/11/1993,F,1/14/2024
108,ssoto108,ssoto108@mail.com,11-4501-1108,11/5/1980,M,1/14/2024
109,triviera109,triviera109@mail.com,11-4501-1109,1/30/1999,F,1/14/2024
110,ufajardo110,ufajardo110@mail.com,11-4501-1110,6/16/1987,M,1/14/2024
111,vfigueroa111,vfigueroa111@mail.com,11-4501-1111,1/23/1975,F,1/14/2024
112,wmolina112,wmolina112@mail.com,11-4501-1112,10/9/1990,M,1/14/2024
113,xsilva113,xsilva113@mail.com,11-4501-1113,4/3/1982,F,1/14/2024
114,ytorres114,ytorres114@mail.com,11-4501-1114,7/26/2003,M,1/14/2024
115,zpaz115,zpaz115@mail.com,11-4501-1115,12/10/1970,F,1/14/2024
116,aalvarez116,aalvarez116@mail.com,11-4501-1116,6/15/1994,X,1/14/2024
117,bguzman117,bguzman117@mail.com,11-4501-1117,1/20/1985,M,1/14/2024
118,ccarrillo118,ccarrillo118@mail.com,11-4501-1118,5/4/1978,F,1/14/2024
119,dparra119,dparra119@mail.com,11-4501-1119,8/29/1991,M,1/14/2024
120,erocha120,erocha120@mail.com,11-4501-1120,10/17/1983,F,1/14/2024
121,fsoto121,fsoto121@mail.com,11-4501-1121,3/1/1976,M,1/15/2024
122,gbaeza122,gbaeza122@mail.com,11-4501-1122,9/13/2000,F,1/15/2024
123,hmena123,hmena123@mail.com,11-4501-1123,2/5/1989,M,1/15/2024
124,icasas124,icasas124@mail.com,11-4501-1124,7/22/1972,F,1/15/2024
125,jguajardo125,jguajardo125@mail.com,11-4501-1125,12/8/1995,M,1/15/2024
126,khidalgo126,khidalgo126@mail.com,11-4501-1126,4/10/1981,F,1/15/2024
127,lvasquez127,lvasquez127@mail.com,11-4501-1127,11/25/1974,M,1/15/2024
128,msilva128,msilva128@mail.com,11-4501-1128,3/17/1997,F,1/15/2024
129,npino129,npino129@mail.com,11-4501-1129,6/3/1986,X,1/15/2024
130,oarce130,oarce130@mail.com,11-4501-1130,8/19/1979,M,1/15/2024
131,pbravo131,pbravo131@mail.com,11-4501-1131,1/26/1993,F,1/15/2024
132,qolivares132,qolivares132@mail.com,11-4501-1132,12/11/1984,M,1/15/2024
133,rvera133,rvera133@mail.com,11-4501-1133,5/7/2002,F,1/15/2024
134,storo134,storo134@mail.com,11-4501-1134,9/1/1973,M,1/15/2024
135,ufuentes135,ufuentes135@mail.com,11-4501-1135,11/24/1996,F,1/15/2024
136,vgomez136,vgomez136@mail.com,11-4501-1136,3/15/1980,M,1/15/2024
137,wleiva137,wleiva137@mail.com,11-4501-1137,7/9/1999,F,1/15/2024
138,xmunoz138,xmunoz138@mail.com,11-4501-1138,10/21/1985,M,1/15/2024
139,yrebolledo139,yrebolledo139@mail.com,11-4501-1139,1/12/1977,F,1/15/2024
140,zsanchez140,zsanchez140@mail.com,11-4501-1140,4/6/1992,M,1/15/2024
141,aramos141,aramos141@mail.com,11-4501-1141,9/29/1983,F,1/15/2024
142,bcontreras142,bcontreras142@mail.com,11-4501-1142,6/18/1970,M,1/15/2024
143,cdelgado143,cdelgado143@mail.com,11-4501-1143,11/3/2004,F,1/15/2024
144,drojas144,drojas144@mail.com,11-4501-1144,2/27/1988,X,1/15/2024
145,eenriquez145,eenriquez145@mail.com,11-4501-1145,4/19/1975,M,1/16/2024
146,fescobar146,fescobar146@mail.com,11-4501-1146,5/14/1991,F,1/16/2024
147,gfigueroa147,gfigueroa147@mail.com,11-4501-1147,12/9/1981,M,1/16/2024
148,hgallardo148,hgallardo148@mail.com,11-4501-1148,3/28/1993,F,1/16/2024
149,imedina149,imedina149@mail.com,11-4501-1149,6/2/1977,M,1/16/2024
150,jlagos150,jlagos150@mail.com,11-4501-1150,9/7/2000,F,1/16/2024
151,kquezada151,kquezada151@mail.com,11-4501-1151,8/5/1980,M,1/16/2024
152,lmiranda152,lmiranda152@mail.com,11-4501-1152,10/20/1995,F,1/16/2024
153,mnavarro153,mnavarro153@mail.com,11-4501-1153,1/13/1972,M,1/16/2024
154,oorellana154,oorellana154@mail.com,11-4501-1154,4/6/1987,F,1/16/2024
155,pperez155,pperez155@mail.com,11-4501-1155,6/29/2003,M,1/16/2024
156,qpaz156,qpaz156@mail.com,11-4501-1156,11/15/1979,F,1/16/2024
157,rquiroz157,rquiroz157@mail.com,11-4501-1157,2/18/1990,X,1/16/2024
158,srivera158,srivera158@mail.com,11-4501-1158,7/3/1984,M,1/16/2024
159,tsalas159,tsalas159@mail.com,11-4501-1159,10/26/1970,F,1/16/2024
160,uvaldes160,uvaldes160@mail.com,11-4501-1160,12/11/1996,M,1/16/2024
161,vvera161,vvera161@mail.com,11-4501-1161,5/9/1981,F,1/16/2024
162,wchavez162,wchavez162@mail.com,11-4501-1162,8/24/2002,M,1/16/2024
163,xacuna163,xacuna163@mail.com,11-4501-1163,11/8/1973,F,1/16/2024
164,ybravo164,ybravo164@mail.com,11-4501-1164,1/17/1989,M,1/16/2024
165,zarias165,zarias165@mail.com,11-4501-1165,4/30/1978,F,1/16/2024
166,aibarra166,aibarra166@mail.com,11-4501-1166,9/2/1994,M,1/16/2024
167,bcortes167,bcortes167@mail.com,11-4501-1167,12/25/1986,F,1/16/2024
168,cduarte168,cduarte168@mail.com,11-4501-1168,2/19/1975,M,1/16/2024
169,eespinoza169,eespinoza169@mail.com,11-4501-1169,7/14/1991,X,1/17/2024
170,ffuentes170,ffuentes170@mail.com,11-4501-1170,10/6/1983,F,1/17/2024
171,ggonzalez171,ggonzalez171@mail.com,11-4501-1171,3/29/1970,M,1/17/2024
172,hherrera172,hherrera172@mail.com,11-4501-1172,5/21/1998,F,1/17/2024
173,ijimenez173,ijimenez173@mail.com,11-4501-1173,8/13/1985,M,1/17/2024
174,jlopez174,jlopez174@mail.com,11-4501-1174,12/7/1977,F,1/17/2024
175,kmarin175,kmarin175@mail.com,11-4501-1175,2/1/1993,M,1/17/2024
176,lmolina176,lmolina176@mail.com,11-4501-1176,6/18/1980,F,1/17/2024
177,nmuñoz177,nmuñoz177@mail.com,11-4501-1177,10/4/2004,M,1/17/2024
178,oortiz178,oortiz178@mail.com,11-4501-1178,1/15/1971,F,1/17/2024
179,projas179,projas179@mail.com,11-4501-1179,3/9/1996,M,1/17/2024
180,qramos180,qramos180@mail.com,11-4501-1180,8/23/1982,F,1/17/2024
181,rsanchez181,rsanchez181@mail.com,11-4501-1181,12/16/1974,M,1/17/2024
182,tsilva182,tsilva182@mail.com,11-4501-1182,4/28/1990,F,1/17/2024
183,uvera183,uvera183@mail.com,11-4501-1183,9/5/1988,X,1/17/2024
184,vvaldes184,vvaldes184@mail.com,11-4501-1184,2/10/1979,M,1/17/2024
185,wvega185,wvega185@mail.com,11-4501-1185,7/27/1995,F,1/17/2024
186,xzamora186,xzamora186@mail.com,11-4501-1186,10/1/1986,M,1/17/2024
187,yazocar187,yazocar187@mail.com,11-4501-1187,12/14/2002,F,1/17/2024
188,zarce188,zarce188@mail.com,11-4501-1188,5/18/1970,M,1/17/2024
189,aarias189,aarias189@mail.com,11-4501-1189,1/31/1997,F,1/17/2024
190,bbarrera190,bbarrera190@mail.com,11-4501-1190,4/24/1983,M,1/17/2024
191,ccastro191,ccastro191@mail.com,11-4501-1191,6/11/1976,F,1/17/2024
192,dchacon192,dchacon192@mail.com,11-4501-1192,9/4/1994,M,1/17/2024
193,egonzalez193,egonzalez193@mail.com,11-4501-1193,11/20/1981,F,1/18/2024
194,fguerrero194,fguerrero194@mail.com,11-4501-1194,2/13/2003,M,1/18/2024
195,hhernandez195,hhernandez195@mail.com,11-4501-1195,7/28/1972,F,1/18/2024
196,ipinto196,ipinto196@mail.com,11-4501-1196,9/2/1987,M,1/18/2024
197,jrojas197,jrojas197@mail.com,11-4501-1197,12/17/1999,F,1/18/2024
198,ltorres198,ltorres198@mail.com,11-4501-1198,5/10/1975,M,1/18/2024
199,mvalenzuela199,mvalenzuela199@mail.com,11-4501-1199,1/8/1989,F,1/18/2024
200,nvergara200,nvergara200@mail.com,11-4501-1200,6/23/1982,M,1/18/2024
201,oaburto201,oaburto201@mail.com,11-4501-1201,11/4/1970,F,1/18/2024
202,pbaeza202,pbaeza202@mail.com,11-4501-1202,4/16/1996,X,1/18/2024
203,qcampuzano203,qcampuzano203@mail.com,11-4501-1203,9/29/1985,M,1/18/2024
204,rdelgado204,rdelgado204@mail.com,11-4501-1204,2/21/1978,F,1/18/2024
205,scaceres205,scaceres205@mail.com,11-4501-1205,5/11/2005,M,1/18/2024
206,tespinal206,tespinal206@mail.com,11-4501-1206,7/27/1980,F,1/18/2024
207,uibarra207,uibarra207@mail.com,11-4501-1207,10/19/1991,M,1/18/2024
208,vfuentes208,vfuentes208@mail.com,11-4501-1208,1/3/1984,F,1/18/2024
209,wlopez209,wlopez209@mail.com,11-4501-1209,6/25/1973,M,1/18/2024
210,xmena210,xmena210@mail.com,11-4501-1210,9/17/1998,F,1/18/2024
211,yparedes211,yparedes211@mail.com,11-4501-1211,12/30/1986,M,1/18/2024
212,zquiroz212,zquiroz212@mail.com,11-4501-1212,3/4/1977,F,1/18/2024
213,agomez213,agomez213@mail.com,11-4501-1213,5/28/1990,M,1/18/2024
214,brobles214,brobles214@mail.com,11-4501-1214,10/15/1982,F,1/18/2024
215,ctorres215,ctorres215@mail.com,11-4501-1215,1/22/2001,M,1/18/2024
216,dvaldivia216,dvaldivia216@mail.com,11-4501-1216,4/8/1970,F,1/18/2024
217,evega217,evega217@mail.com,11-4501-1217,7/3/1993,M,1/19/2024
218,fvargas218,fvargas218@mail.com,11-4501-1218,9/20/1985,F,1/19/2024
219,gzavala219,gzavala219@mail.com,11-4501-1219,12/12/1974,X,1/19/2024
220,harce220,harce220@mail.com,11-4501-1220,2/27/1996,M,1/19/2024
221,igonzalez221,igonzalez221@mail.com,11-4501-1221,5/1/1981,F,1/19/2024
222,jhernandez222,jhernandez222@mail.com,11-4501-1222,10/16/2003,M,1/19/2024
223,kcastro223,kcastro223@mail.com,11-4501-1223,3/29/1972,F,1/19/2024
224,lrodriguez224,lrodriguez224@mail.com,11-4501-1224,8/4/1988,M,1/19/2024
225,mloza225,mloza225@mail.com,11-4501-1225,11/25/1979,F,1/19/2024
226,nruiz226,nruiz226@mail.com,11-4501-1226,1/10/1994,M,1/19/2024
227,oavila227,oavila227@mail.com,11-4501-1227,4/23/1986,F,1/19/2024
228,pcruz228,pcruz228@mail.com,11-4501-1228,7/7/1970,M,1/19/2024
229,qlopez229,qlopez229@mail.com,11-4501-1229,9/18/1997,F,1/19/2024
230,rchavez230,rchavez230@mail.com,11-4501-1230,12/1/1983,M,1/19/2024
231,sgutierrez231,sgutierrez231@mail.com,11-4501-1231,2/14/1975,F,1/19/2024
232,tjimenez232,tjimenez232@mail.com,11-4501-1232,5/29/1991,M,1/19/2024
233,uvargas233,uvargas233@mail.com,11-4501-1233,10/11/1980,X,1/19/2024
234,wmolina234,wmolina234@mail.com,11-4501-1234,1/8/2002,F,1/19/2024
235,xvera235,xvera235@mail.com,11-4501-1235,4/20/1973,M,1/19/2024
236,yzarate236,yzarate236@mail.com,11-4501-1236,8/3/1989,F,1/19/2024
237,zaburto237,zaburto237@mail.com,11-4501-1237,11/16/1986,M,1/19/2024
238,anavarro238,anavarro238@mail.com,11-4501-1238,1/28/1978,F,1/19/2024
239,bparra239,bparra239@mail.com,11-4501-1239,5/13/1995,M,1/19/2024
240,ctorres240,ctorres240@mail.com,11-4501-1240,8/25/1982,F,1/19/2024
241,dvaldes241,dvaldes241@mail.com,11-4501-1241,12/9/1970,M,1/20/2024
242,erocha242,erocha242@mail.com,11-4501-1242,3/21/1993,F,1/20/2024
243,fvelez243,fvelez243@mail.com,11-4501-1243,6/5/1984,M,1/20/2024
244,gzamora244,gzamora244@mail.com,11-4501-1244,10/30/2004,F,1/20/2024
245,hgarcia245,hgarcia245@mail.com,11-4501-1245,1/1/1975,M,1/20/2024
246,ivillar246,ivillar246@mail.com,11-4501-1246,3/14/1987,F,1/20/2024
247,jjimenez247,jjimenez247@mail.com,11-4501-1247,5/27/1999,M,1/20/2024
248,klopez248,klopez248@mail.com,11-4501-1248,10/9/1982,F,1/20/2024
249,lmarin249,lmarin249@mail.com,11-4501-1249,12/23/1971,M,1/20/2024
250,msalas250,msalas250@mail.com,11-4501-1250,2/6/1995,F,1/20/2024
251,nvega251,nvega251@mail.com,11-4501-1251,5/18/1980,X,1/20/2024
252,osanchez252,osanchez252@mail.com,11-4501-1252,8/1/1992,M,1/20/2024
253,pperez253,pperez253@mail.com,11-4501-1253,10/14/1977,F,1/20/2024
254,qruiz254,qruiz254@mail.com,11-4501-1254,1/27/2001,M,1/20/2024
255,rbravo255,rbravo255@mail.com,11-4501-1255,3/8/1985,F,1/20/2024
256,sguillen256,sguillen256@mail.com,11-4501-1256,6/20/1974,M,1/20/2024
257,tmarin257,tmarin257@mail.com,11-4501-1257,11/5/1998,F,1/20/2024
258,uaguilar258,uaguilar258@mail.com,11-4501-1258,12/22/1986,M,1/20/2024
259,vcampos259,vcampos259@mail.com,11-4501-1259,2/17/1970,F,1/20/2024
260,wguerra260,wguerra260@mail.com,11-4501-1260,4/10/1993,M,1/20/2024
261,xherrera261,xherrera261@mail.com,11-4501-1261,9/25/1981,F,1/20/2024
262,ylopez262,ylopez262@mail.com,11-4501-1262,12/7/2002,M,1/20/2024
263,zsanchez263,zsanchez263@mail.com,11-4501-1263,5/31/1973,F,1/20/2024
264,arojas264,arojas264@mail.com,11-4501-1264,8/15/1989,M,1/20/2024
265,bmiranda265,bmiranda265@mail.com,11-4501-1265,10/28/1977,X,1/21/2024
266,ccastillo266,ccastillo266@mail.com,11-4501-1266,1/9/1995,F,1/21/2024
267,dduarte267,dduarte267@mail.com,11-4501-1267,4/23/1984,M,1/21/2024
268,eestrella268,eestrella268@mail.com,11-4501-1268,7/6/1970,F,1/21/2024
269,farce269,farce269@mail.com,11-4501-1269,9/18/1991,M,1/21/2024
270,gmendez270,gmendez270@mail.com,11-4501-1270,12/3/1982,F,1/21/2024
271,hmoreno271,hmoreno271@mail.com,11-4501-1271,3/25/2003,M,1/21/2024
272,ivera272,ivera272@mail.com,11-4501-1272,5/16/1973,F,1/21/2024
273,jzapata273,jzapata273@mail.com,11-4501-1273,8/30/1988,M,1/21/2024
274,ksilva274,ksilva274@mail.com,11-4501-1274,11/13/1979,F,1/21/2024
275,lramos275,lramos275@mail.com,11-4501-1275,2/4/1994,M,1/21/2024
276,mflores276,mflores276@mail.com,11-4501-1276,6/27/1985,F,1/21/2024
277,ntorres277,ntorres277@mail.com,11-4501-1277,10/10/1976,M,1/21/2024
278,oalvarez278,oalvarez278@mail.com,11-4501-1278,12/23/1993,F,1/21/2024
279,pibarra279,pibarra279@mail.com,11-4501-1279,2/15/1981,X,1/21/2024
280,qguzman280,qguzman280@mail.com,11-4501-1280,4/1/2005,M,1/21/2024
281,rlopez281,rlopez281@mail.com,11-4501-1281,7/16/1972,F,1/21/2024
282,scastro282,scastro282@mail.com,11-4501-1282,10/29/1989,M,1/21/2024
283,tfigueroa283,tfigueroa283@mail.com,11-4501-1283,1/7/1977,F,1/21/2024
284,uvalenzuela284,uvalenzuela284@mail.com,11-4501-1284,3/20/1996,M,1/21/2024
285,vmarquez285,vmarquez285@mail.com,11-4501-1285,6/3/1984,F,1/21/2024
286,wwilson286,wwilson286@mail.com,11-4501-1286,9/27/1991,M,1/21/2024
287,xrodriguez287,xrodriguez287@mail.com,11-4501-1287,12/19/1970,F,1/21/2024
288,yperez288,yperez288@mail.com,11-4501-1288,2/11/1986,M,1/21/2024
289,zhernandez289,zhernandez289@mail.com,11-4501-1289,5/24/2003,F,1/22/2024
290,asepulveda290,asepulveda290@mail.com,11-4501-1290,8/8/1975,M,1/22/2024
291,bvaldes291,bvaldes291@mail.com,11-4501-1291,11/20/1998,F,1/22/2024
292,cchavez292,cchavez292@mail.com,11-4501-1292,1/2/1984,M,1/22/2024
293,dmolina293,dmolina293@mail.com,11-4501-1293,4/15/1977,F,1/22/2024
294,ecastro294,ecastro294@mail.com,11-4501-1294,7/29/1990,M,1/22/2024
295,fmunoz295,fmunoz295@mail.com,11-4501-1295,12/12/1981,X,1/22/2024
296,gaguilar296,gaguilar296@mail.com,11-4501-1296,2/23/2002,F,1/22/2024
297,hcontreras297,hcontreras297@mail.com,11-4501-1297,5/8/1970,M,1/22/2024
298,ivilla298,ivilla298@mail.com,11-4501-1298,9/1/1995,F,1/22/2024
299,jduarte299,jduarte299@mail.com,11-4501-1299,11/14/1983,M,1/22/2024
300,kfigueroa300,kfigueroa300@mail.com,11-4501-1300,2/5/1976,F,1/22/2024
301,lalvarez301,lalvarez301@mail.com,11-4501-1301,8/18/1993,M,1/22/2024
302,mbravo302,mbravo302@mail.com,11-4501-1302,11/29/1980,F,1/22/2024
303,ncampos303,ncampos303@mail.com,11-4501-1303,1/1/2005,X,1/22/2024
304,odiaz304,odiaz304@mail.com,11-4501-1304,4/14/1975,M,1/22/2024
305,pflores305,pflores305@mail.com,11-4501-1305,7/27/1989,F,1/22/2024
306,qgomez306,qgomez306@mail.com,11-4501-1306,12/10/1996,M,1/22/2024
307,rherrera307,rherrera307@mail.com,11-4501-1307,3/3/1982,F,1/22/2024
308,sjimenez308,sjimenez308@mail.com,11-4501-1308,5/16/1977,M,1/22/2024
309,tlopez309,tlopez309@mail.com,11-4501-1309,9/28/2000,F,1/22/2024
310,umartinez310,umartinez310@mail.com,11-4501-1310,12/19/1985,M,1/22/2024
311,vnavarro311,vnavarro311@mail.com,11-4501-1311,3/4/1991,F,1/22/2024
312,wmorales312,wmorales312@mail.com,11-4501-1312,6/17/1972,M,1/22/2024
313,xnuñez313,xnuñez313@mail.com,11-4501-1313,10/30/1988,X,1/22/2024
314,yortiz314,yortiz314@mail.com,11-4501-1314,1/12/1999,F,1/22/2024
315,zperez315,zperez315@mail.com,11-4501-1315,4/25/1979,M,1/22/2024
316,arojas316,arojas316@mail.com,11-4501-1316,8/8/1994,F,1/22/2024
317,bsalas317,bsalas317@mail.com,11-4501-1317,11/20/1981,M,1/22/2024
318,ctorres318,ctorres318@mail.com,11-4501-1318,2/3/1970,F,1/22/2024
319,duarte319,duarte319@mail.com,11-4501-1319,5/15/1997,M,1/22/2024
320,evargas320,evargas320@mail.com,11-4501-1320,10/28/1986,F,1/22/2024
321,fvega321,fvega321@mail.com,11-4501-1321,1/9/2003,M,1/22/2024
322,gvidal322,gvidal322@mail.com,11-4501-1322,4/22/1974,F,1/22/2024
323,hcastro323,hcastro323@mail.com,11-4501-1323,9/5/1990,M,1/22/2024
324,ibravo324,ibravo324@mail.com,11-4501-1324,12/18/1983,F,1/23/2024
325,jcordova325,jcordova325@mail.com,11-4501-1325,3/31/1995,X,1/23/2024
326,ldominguez326,ldominguez326@mail.com,11-4501-1326,7/13/1978,M,1/23/2024
327,mescobar327,mescobar327@mail.com,11-4501-1327,11/26/1992,F,1/23/2024
328,nfigueroa328,nfigueroa328@mail.com,11-4501-1328,2/8/1984,M,1/23/2024
329,osanchez329,osanchez329@mail.com,11-4501-1329,5/23/2001,F,1/23/2024
330,ppalacios330,ppalacios330@mail.com,11-4501-1330,9/4/1973,M,1/23/2024
331,qrivera331,qrivera331@mail.com,11-4501-1331,12/17/1987,F,1/23/2024
332,rrojas332,rrojas332@mail.com,11-4501-1332,3/30/1998,M,1/23/2024
333,soto333,soto333@mail.com,11-4501-1333,6/11/1976,F,1/23/2024
334,tgarcia334,tgarcia334@mail.com,11-4501-1334,9/24/1989,M,1/23/2024
335,ulopez335,ulopez335@mail.com,11-4501-1335,12/7/1994,F,1/23/2024
336,vmartinez336,vmartinez336@mail.com,11-4501-1336,3/20/1980,M,1/23/2024
337,wtorres337,wtorres337@mail.com,11-4501-1337,6/3/2002,F,1/23/2024
338,xvalenzuela338,xvalenzuela338@mail.com,11-4501-1338,10/16/1971,M,1/23/2024
339,ygomez339,ygomez339@mail.com,11-4501-1339,1/29/1985,X,1/23/2024
340,zamora340,zamora340@mail.com,11-4501-1340,4/14/1996,F,1/23/2024
341,agarcia341,agarcia341@mail.com,11-4501-1341,7/27/1977,M,1/23/2024
342,bjimenez342,bjimenez342@mail.com,11-4501-1342,11/9/1993,F,1/23/2024
343,cfigueroa343,cfigueroa343@mail.com,11-4501-1343,2/2/1983,M,1/23/2024
344,dlagos344,dlagos344@mail.com,11-4501-1344,5/15/1972,F,1/23/2024
345,emedina345,emedina345@mail.com,11-4501-1345,10/28/1990,M,1/23/2024
346,fmunoz346,fmunoz346@mail.com,11-4501-1346,1/11/1981,F,1/23/2024
347,gnavarro347,gnavarro347@mail.com,11-4501-1347,3/24/2004,M,1/23/2024
348,hdelgado348,hdelgado348@mail.com,11-4501-1348,8/6/1975,F,1/24/2024
349,ilopez349,ilopez349@mail.com,11-4501-1349,11/19/1986,M,1/24/2024
350,jromero350,jromero350@mail.com,11-4501-1350,2/1/1997,F,1/24/2024
351,ksilva351,ksilva351@mail.com,11-4501-1351,5/14/1970,M,1/24/2024
352,lvasquez352,lvasquez352@mail.com,11-4501-1352,9/27/1989,F,1/24/2024
353,mbravo353,mbravo353@mail.com,11-4501-1353,12/10/1995,X,1/24/2024
354,ncastro354,ncastro354@mail.com,11-4501-1354,3/23/1978,M,1/24/2024
355,ohernandez355,ohernandez355@mail.com,11-4501-1355,6/5/1991,F,1/24/2024
356,pibarra356,pibarra356@mail.com,11-4501-1356,10/18/1984,M,1/24/2024
357,qmontes357,qmontes357@mail.com,11-4501-1357,12/31/2003,F,1/24/2024
358,rriquelme358,rriquelme358@mail.com,11-4501-1358,4/13/1973,M,1/24/2024
359,scornejo359,scornejo359@mail.com,11-4501-1359,7/26/1998,F,1/24/2024
360,tgalvez360,tgalvez360@mail.com,11-4501-1360,9/8/1985,M,1/24/2024
361,uduarte361,uduarte361@mail.com,11-4501-1361,11/21/1977,F,1/24/2024
362,valarcon362,valarcon362@mail.com,11-4501-1362,1/4/1993,M,1/24/2024
363,wleiva363,wleiva363@mail.com,11-4501-1363,4/17/1980,F,1/24/2024
364,xperez364,xperez364@mail.com,11-4501-1364,7/30/1972,M,1/24/2024
365,yquiroz365,yquiroz365@mail.com,11-4501-1365,11/12/2000,F,1/24/2024
366,zvera366,zvera366@mail.com,11-4501-1366,2/25/1986,X,1/24/2024
367,agutierrez367,agutierrez367@mail.com,11-4501-1367,5/9/1994,M,1/24/2024
368,bcortes368,bcortes368@mail.com,11-4501-1368,8/22/1979,F,1/24/2024
369,caguilar369,caguilar369@mail.com,11-4501-1369,10/5/1991,M,1/24/2024
370,dcampos370,dcampos370@mail.com,11-4501-1370,1/18/1982,F,1/24/2024
371,ereyes371,ereyes371@mail.com,11-4501-1371,3/2/2004,M,1/24/2024
372,fcastro372,fcastro372@mail.com,11-4501-1372,6/15/1975,F,1/25/2024
373,gherrera373,gherrera373@mail.com,11-4501-1373,12/28/1988,M,1/25/2024
374,hlopez374,hlopez374@mail.com,11-4501-1374,2/10/1996,F,1/25/2024
375,ibarrios375,ibarrios375@mail.com,11-4501-1375,5/23/1970,M,1/25/2024
376,jgomez376,jgomez376@mail.com,11-4501-1376,7/6/1999,F,1/25/2024
377,kfigueroa377,kfigueroa377@mail.com,11-4501-1377,11/19/1985,M,1/25/2024
378,lgarcia378,lgarcia378@mail.com,11-4501-1378,1/2/1977,F,1/25/2024
379,mramirez379,mramirez379@mail.com,11-4501-1379,4/15/1993,M,1/25/2024
380,ntorres380,ntorres380@mail.com,11-4501-1380,7/28/1980,F,1/25/2024
381,ocastillo381,ocastillo381@mail.com,11-4501-1381,10/10/1972,M,1/25/2024
382,psanchez382,psanchez382@mail.com,11-4501-1382,1/23/2001,F,1/25/2024
383,qvalenzuela383,qvalenzuela383@mail.com,11-4501-1383,4/6/1983,X,1/25/2024
384,rrojas384,rrojas384@mail.com,11-4501-1384,8/19/1995,M,1/25/2024
385,sduarte385,sduarte385@mail.com,11-4501-1385,12/1/1978,F,1/25/2024
386,tfernandez386,tfernandez386@mail.com,11-4501-1386,3/14/1991,M,1/25/2024
387,uibarra387,uibarra387@mail.com,11-4501-1387,6/27/1984,F,1/25/2024
388,vjuarez388,vjuarez388@mail.com,11-4501-1388,9/9/2003,M,1/25/2024
389,wmejia389,wmejia389@mail.com,11-4501-1389,12/22/1971,F,1/25/2024
390,xrivera390,xrivera390@mail.com,11-4501-1390,3/6/1987,M,1/25/2024
391,ysalas391,ysalas391@mail.com,11-4501-1391,5/19/1996,F,1/25/2024
392,zarate392,zarate392@mail.com,11-4501-1392,8/1/1979,M,1/25/2024
393,alopez393,alopez393@mail.com,11-4501-1393,11/14/1994,F,1/25/2024
394,bvasquez394,bvasquez394@mail.com,11-4501-1394,1/27/1982,M,1/25/2024
395,cvera395,cvera395@mail.com,11-4501-1395,4/10/2005,F,1/25/2024
396,dcontreras396,dcontreras396@mail.com,11-4501-1396,6/23/1974,M,1/26/2024
397,eayala397,eayala397@mail.com,11-4501-1397,9/5/1988,F,1/26/2024
398,fdelgado398,fdelgado398@mail.com,11-4501-1398,12/18/1981,M,1/26/2024
399,gfigueroa399,gfigueroa399@mail.com,11-4501-1399,3/2/1973,F,1/26/2024
400,hgomez400,hgomez400@mail.com,11-4501-1400,6/16/1990,M,1/26/2024
401,ihernandez401,ihernandez401@mail.com,11-4501-1401,10/29/1985,F,1/26/2024
402,jibarra402,jibarra402@mail.com,11-4501-1402,1/11/1998,X,1/26/2024
403,kjimenez403,kjimenez403@mail.com,11-4501-1403,4/24/1977,M,1/26/2024
404,llopez404,llopez404@mail.com,11-4501-1404,7/7/1993,F,1/26/2024
405,mmartinez405,mmartinez405@mail.com,11-4501-1405,9/20/1980,M,1/26/2024
406,nmorales406,nmorales406@mail.com,11-4501-1406,12/3/1970,F,1/26/2024
407,omuñoz407,omuñoz407@mail.com,11-4501-1407,2/16/1995,M,1/26/2024
408,ppacheco408,ppacheco408@mail.com,11-4501-1408,5/30/1986,F,1/26/2024
409,qquiroz409,qquiroz409@mail.com,11-4501-1409,9/12/2004,M,1/26/2024
410,rrobles410,rrobles410@mail.com,11-4501-1410,12/25/1975,F,1/26/2024
411,ssanchez411,ssanchez411@mail.com,11-4501-1411,3/9/1991,M,1/26/2024
412,ttapia412,ttapia412@mail.com,11-4501-1412,7/22/1984,F,1/26/2024
413,uvaldes413,uvaldes413@mail.com,11-4501-1413,10/4/1972,M,1/26/2024
414,vvera414,vvera414@mail.com,11-4501-1414,1/17/1989,F,1/26/2024
415,waguiar415,waguiar415@mail.com,11-4501-1415,4/30/1978,M,1/26/2024
416,xbravo416,xbravo416@mail.com,11-4501-1416,9/13/1996,F,1/26/2024
417,ycampuzano417,ycampuzano417@mail.com,11-4501-1417,12/26/1981,M,1/26/2024
418,zfigueroa418,zfigueroa418@mail.com,11-4501-1418,3/10/2003,F,1/26/2024
419,acortes419,acortes419@mail.com,11-4501-1419,5/23/1970,X,1/26/2024
420,bdelgado420,bdelgado420@mail.com,11-4501-1420,8/5/1997,M,1/27/2024
421,cecheverria421,cecheverria421@mail.com,11-4501-1421,11/18/1983,F,1/27/2024
422,dgallegos422,dgallegos422@mail.com,11-4501-1422,2/1/1976,M,1/27/2024
423,eibanez423,eibanez423@mail.com,11-4501-1423,4/15/1994,F,1/27/2024
424,fjuarez424,fjuarez424@mail.com,11-4501-1424,7/28/1982,M,1/27/2024
425,gmarquez425,gmarquez425@mail.com,11-4501-1425,9/10/2005,F,1/27/2024
426,hnavarro426,hnavarro426@mail.com,11-4501-1426,12/23/1973,M,1/27/2024
427,iparedes427,iparedes427@mail.com,11-4501-1427,3/6/1990,F,1/27/2024
428,jruiz428,jruiz428@mail.com,11-4501-1428,6/19/1985,M,1/27/2024
429,ksilva429,ksilva429@mail.com,11-4501-1429,10/2/1977,F,1/27/2024
430,ltapia430,ltapia430@mail.com,11-4501-1430,1/15/1999,M,1/27/2024
431,mvera431,mvera431@mail.com,11-4501-1431,4/28/1981,F,1/27/2024
432,nchacon432,nchacon432@mail.com,11-4501-1432,7/11/1970,M,1/27/2024
433,ovaldes433,ovaldes433@mail.com,11-4501-1433,9/24/1993,F,1/27/2024
434,projas434,projas434@mail.com,11-4501-1434,12/7/1984,M,1/27/2024
435,qzavala435,qzavala435@mail.com,11-4501-1435,2/20/2002,X,1/27/2024
436,rduarte436,rduarte436@mail.com,11-4501-1436,5/4/1975,F,1/27/2024
437,sfigueroa437,sfigueroa437@mail.com,11-4501-1437,8/17/1988,M,1/27/2024
438,tjimenez438,tjimenez438@mail.com,11-4501-1438,11/30/1996,F,1/27/2024
439,ugomez439,ugomez439@mail.com,11-4501-1439,2/13/1980,M,1/27/2024
440,vhernandez440,vhernandez440@mail.com,11-4501-1440,5/26/1992,F,1/27/2024
441,wvega441,wvega441@mail.com,11-4501-1441,8/8/1971,M,1/27/2024
442,xmartinez442,xmartinez442@mail.com,11-4501-1442,10/21/1983,F,1/27/2024
443,yavila443,yavila443@mail.com,11-4501-1443,1/4/2004,M,1/27/2024
444,zbravo444,zbravo444@mail.com,11-4501-1444,4/18/1977,F,1/28/2024
445,acastro445,acastro445@mail.com,11-4501-1445,7/31/1995,M,1/28/2024
446,bcampos446,bcampos446@mail.com,11-4501-1446,10/13/1981,F,1/28/2024
447,cfigueroa447,cfigueroa447@mail.com,11-4501-1447,1/26/1970,M,1/28/2024
448,dgonzalez448,dgonzalez448@mail.com,11-4501-1448,3/9/1997,F,1/28/2024
449,eibarra449,eibarra449@mail.com,11-4501-1449,6/22/1986,X,1/28/2024
450,flopez450,flopez450@mail.com,11-4501-1450,9/4/1979,M,1/28/2024
451,gmarin451,gmarin451@mail.com,11-4501-1451,12/17/1994,F,1/28/2024
452,hmoreno452,hmoreno452@mail.com,11-4501-1452,2/28/1982,M,1/28/2024
453,imuñoz453,imuñoz453@mail.com,11-4501-1453,7/13/2003,F,1/28/2024
454,jortiz454,jortiz454@mail.com,11-4501-1454,10/26/1973,M,1/28/2024
455,kperalta455,kperalta455@mail.com,11-4501-1455,12/9/1989,F,1/28/2024
456,lquiroz456,lquiroz456@mail.com,11-4501-1456,3/23/1985,M,1/28/2024
457,msanchez457,msanchez457@mail.com,11-4501-1457,7/6/1996,F,1/28/2024
458,ntorres458,ntorres458@mail.com,11-4501-1458,10/19/1978,M,1/28/2024
459,oalvarez459,oalvarez459@mail.com,11-4501-1459,1/1/1991,F,1/28/2024
460,pbaez460,pbaez460@mail.com,11-4501-1460,4/14/1984,M,1/28/2024
461,qrojas461,qrojas461@mail.com,11-4501-1461,7/27/2002,F,1/28/2024
462,rsoto462,rsoto462@mail.com,11-4501-1462,11/9/1973,M,1/28/2024
463,tvega463,tvega463@mail.com,11-4501-1463,12/22/1987,F,1/28/2024
464,ucastro464,ucastro464@mail.com,11-4501-1464,3/5/1998,M,1/28/2024
465,vsalas465,vsalas465@mail.com,11-4501-1465,6/18/1970,X,1/28/2024
466,wramos466,wramos466@mail.com,11-4501-1466,9/30/1994,F,1/28/2024
467,xsilva467,xsilva467@mail.com,11-4501-1467,12/13/1981,M,1/28/2024
468,yvalenzuela468,yvalenzuela468@mail.com,11-4501-1468,2/26/2005,F,1/29/2024
469,zgarcia469,zgarcia469@mail.com,11-4501-1469,5/11/1975,M,1/29/2024
470,ahernandez470,ahernandez470@mail.com,11-4501-1470,8/24/1988,F,1/29/2024
471,bjimenez471,bjimenez471@mail.com,11-4501-1471,11/7/1993,M,1/29/2024
472,cmarin472,cmarin472@mail.com,11-4501-1472,1/20/1980,F,1/29/2024
473,dlopez473,dlopez473@mail.com,11-4501-1473,4/3/1996,M,1/29/2024
474,eibarra474,eibarra474@mail.com,11-4501-1474,7/16/1978,F,1/29/2024
475,fcampos475,fcampos475@mail.com,11-4501-1475,10/29/1990,M,1/29/2024
476,gduarte476,gduarte476@mail.com,11-4501-1476,1/12/1982,F,1/29/2024
477,hfigueroa477,hfigueroa477@mail.com,11-4501-1477,4/25/2004,M,1/29/2024
478,iortiz478,iortiz478@mail.com,11-4501-1478,7/8/1976,F,1/29/2024
479,jpereira479,jpereira479@mail.com,11-4501-1479,10/21/1989,M,1/29/2024
480,kquiroz480,kquiroz480@mail.com,11-4501-1480,12/4/1981,F,1/29/2024
481,lrivera481,lrivera481@mail.com,11-4501-1481,3/17/1970,M,1/29/2024
482,msalas482,msalas482@mail.com,11-4501-1482,5/30/1995,F,1/29/2024
483,ntapia483,ntapia483@mail.com,11-4501-1483,8/12/1983,X,1/29/2024
484,osoto484,osoto484@mail.com,11-4501-1484,11/25/1998,M,1/29/2024
485,pvera485,pvera485@mail.com,11-4501-1485,1/7/1977,F,1/29/2024
486,qgarcia486,qgarcia486@mail.com,11-4501-1486,4/20/1992,M,1/29/2024
487,rmarquez487,rmarquez487@mail.com,11-4501-1487,7/3/1980,F,1/29/2024
488,snavarro488,snavarro488@mail.com,11-4501-1488,9/16/2001,M,1/29/2024
489,toros489,toros489@mail.com,11-4501-1489,12/29/1972,F,1/29/2024
490,uvargas490,uvargas490@mail.com,11-4501-1490,3/14/1988,M,1/29/2024
491,wbravo491,wbravo491@mail.com,11-4501-1491,6/27/1979,F,1/29/2024
492,xchacon492,xchacon492@mail.com,11-4501-1492,9/10/1994,M,1/30/2024
493,ydelgado493,ydelgado493@mail.com,11-4501-1493,12/23/1985,F,1/30/2024
494,zecheverria494,zecheverria494@mail.com,11-4501-1494,3/8/1991,M,1/30/2024
495,aalvarez495,aalvarez495@mail.com,11-4501-1495,5/21/1970,F,1/30/2024
496,bgonzalez496,bgonzalez496@mail.com,11-4501-1496,8/3/1996,M,1/30/2024
497,cjimenez497,cjimenez497@mail.com,11-4501-1497,11/16/1983,F,1/30/2024
498,ddiaz498,ddiaz498@mail.com,11-4501-1498,1/29/1975,M,1/30/2024
499,efigueroa499,efigueroa499@mail.com,11-4501-1499,4/12/1999,F,1/30/2024
500,fgarcia500,fgarcia500@mail.com,11-4501-1500,6/25/1981,M,1/30/2024
501,ghernandez501,ghernandez501@mail.com,11-4501-1501,9/7/1993,F,1/30/2024
502,iibarra502,iibarra502@mail.com,11-4501-1502,12/20/1980,M,1/30/2024
503,jjimenez503,jjimenez503@mail.com,11-4501-1503,3/4/1972,X,1/30/2024
504,klopez504,klopez504@mail.com,11-4501-1504,6/17/1997,F,1/30/2024
505,lmartinez505,lmartinez505@mail.com,11-4501-1505,9/30/1985,M,1/30/2024
506,nnavarro506,nnavarro506@mail.com,11-4501-1506,12/13/1977,F,1/30/2024
507,oortiz507,oortiz507@mail.com,11-4501-1507,3/26/2000,M,1/30/2024
508,pperez508,pperez508@mail.com,11-4501-1508,6/8/1974,F,1/30/2024
509,qquiroz509,qquiroz509@mail.com,11-4501-1509,9/21/1989,M,1/30/2024
510,rrojas510,rrojas510@mail.com,11-4501-1510,12/4/1982,F,1/30/2024
511,ssalas511,ssalas511@mail.com,11-4501-1511,3/17/1970,M,1/30/2024
512,ttapia512,tavia512@mail.com,11-4501-1512,6/30/1995,F,1/30/2024
513,uvera513,uvera513@mail.com,11-4501-1513,10/13/1987,X,1/30/2024
514,vvaldes514,vvaldes514@mail.com,11-4501-1514,1/26/2003,M,1/30/2024
515,wvega515,wvega515@mail.com,11-4501-1515,4/9/1979,F,1/30/2024
516,xayala516,xayala516@mail.com,11-4501-1516,7/22/1994,M,1/31/2024
517,ybravo517,ybravo517@mail.com,11-4501-1517,11/4/1981,F,1/31/2024
518,zcastro518,zcastro518@mail.com,11-4501-1518,2/17/1973,M,1/31/2024
519,acumplido519,acumplido519@mail.com,11-4501-1519,5/2/1998,F,1/31/2024
520,delgado520,delgado520@mail.com,11-4501-1520,8/15/1986,M,1/31/2024
521,eescobar521,eescobar521@mail.com,11-4501-1521,11/28/1978,F,1/31/2024
522,ffigueroa522,ffigueroa522@mail.com,11-4501-1522,2/10/2005,M,1/31/2024
523,ggalvez523,ggalvez523@mail.com,11-4501-1523,4/23/1974,F,1/31/2024
524,hgomez524,hgomez524@mail.com,11-4501-1524,7/6/1989,M,1/31/2024
525,iibarra525,iibarra525@mail.com,11-4501-1525,10/19/1982,X,1/31/2024
526,jjimenez526,jjimenez526@mail.com,11-4501-1526,1/1/1996,F,1/31/2024
527,klopez527,klopez527@mail.com,11-4501-1527,3/15/1970,M,1/31/2024
528,lmorales528,lmorales528@mail.com,11-4501-1528,6/28/1999,F,1/31/2024
529,nnavarro529,nnavarro529@mail.com,11-4501-1529,9/10/1985,M,1/31/2024
530,oortiz530,oortiz530@mail.com,11-4501-1530,12/23/1977,F,1/31/2024
531,pparedes531,pparedes531@mail.com,11-4501-1531,2/5/1993,M,1/31/2024
532,qquiroz532,qquiroz532@mail.com,11-4501-1532,5/18/1980,F,1/31/2024
533,rrodriguez533,rrodriguez533@mail.com,11-4501-1533,8/31/1972,M,1/31/2024
534,ssilva534,ssilva534@mail.com,11-4501-1534,11/13/2001,F,1/31/2024
535,ttorres535,ttorres535@mail.com,11-4501-1535,2/26/1984,M,1/31/2024
536,uvaldes536,uvaldes536@mail.com,11-4501-1536,5/10/1997,F,1/31/2024
537,vvega537,vvega537@mail.com,11-4501-1537,8/23/1978,M,1/31/2024
538,wacosta538,wacosta538@mail.com,11-4501-1538,11/5/1992,F,1/31/2024
539,xbravo539,xbravo539@mail.com,11-4501-1539,2/18/1971,X,1/31/2024
540,ycampos540,ycampos540@mail.com,11-4501-1540,5/3/1986,M,1/31/2024
541,zdiaz541,zdiaz541@mail.com,11-4501-1541,8/16/1999,F,1/31/2024
542,aescobar542,aescobar542@mail.com,11-4501-1542,10/29/1983,M,1/31/2024
543,bfigueroa543,bfigueroa543@mail.com,11-4501-1543,1/11/1975,F,1/31/2024
544,cgarcia544,cgarcia544@mail.com,11-4501-1544,4/24/1991,M,1/31/2024
545,dhernandez545,dhernandez545@mail.com,11-4501-1545,7/7/1988,F,1/31/2024
546,eibarra546,eibarra546@mail.com,11-4501-1546,10/20/2004,M,1/31/2024
547,fjimenez547,fjimenez547@mail.com,11-4501-1547,12/3/1976,F,1/31/2024
548,glopez548,glopez548@mail.com,11-4501-1548,2/16/1993,M,1/31/2024
549,hmartinez549,hmartinez549@mail.com,11-4501-1549,5/1/1980,F,1/31/2024
550,imorales550,imorales550@mail.com,11-4501-1550,8/14/1972,M,1/31/2024
551,jnavarro551,jnavarro551@mail.com,11-4501-1551,11/27/1997,F,1/31/2024
552,kortiz552,kortiz552@mail.com,11-4501-1552,1/9/1985,M,1/31/2024
553,lparedes553,lparedes553@mail.com,11-4501-1553,4/22/1991,X,1/31/2024
554,mrojas554,mrojas554@mail.com,11-4501-1554,7/5/1978,F,1/31/2024
555,nsalas555,nsalas555@mail.com,11-4501-1555,9/18/1994,M,1/31/2024
556,otapia556,otapia556@mail.com,11-4501-1556,12/1/1982,F,1/31/2024
557,ptorres557,ptorres557@mail.com,11-4501-1557,2/14/2003,M,1/31/2024
558,qvaldes558,qvaldes558@mail.com,11-4501-1558,5/29/1975,F,1/31/2024
559,rvera559,rvera559@mail.com,11-4501-1559,8/11/1990,M,1/31/2024
560,saguiar560,saguiar560@mail.com,11-4501-1560,11/24/1987,F,1/31/2024
561,tbravo561,tbravo561@mail.com,11-4501-1561,1/6/1999,M,1/31/2024
562,ucastro562,ucastro562@mail.com,11-4501-1562,4/19/1970,F,1/31/2024
563,vdelgado563,vdelgado563@mail.com,11-4501-1563,7/2/1985,M,1/31/2024
564,wfigueroa564,wfigueroa564@mail.com,11-4501-1564,10/15/1992,F,1/31/2024
565,xgalvez565,xgalvez565@mail.com,11-4501-1565,12/28/1976,M,1/31/2024
566,ygarcia566,ygarcia566@mail.com,11-4501-1566,3/12/2004,F,1/31/2024
567,zhernandez567,zhernandez567@mail.com,11-4501-1567,6/25/1981,M,1/31/2024
568,aibarra568,aibarra568@mail.com,11-4501-1568,9/7/1998,F,1/31/2024
569,bjimenez569,bjimenez569@mail.com,11-4501-1569,12/20/1970,X,1/31/2024
570,clopez570,clopez570@mail.com,11-4501-1570,3/3/1984,M,1/31/2024
571,dmartinez571,dmartinez571@mail.com,11-4501-1571,6/16/1993,F,1/31/2024
572,emorales572,emorales572@mail.com,11-4501-1572,9/29/1982,M,1/31/2024
573,fnavarro573,fnavarro573@mail.com,11-4501-1573,12/12/1974,F,1/31/2024
574,gortiz574,gortiz574@mail.com,11-4501-1574,3/25/1999,M,1/31/2024
575,hparedes575,hparedes575@mail.com,11-4501-1575,6/7/1985,F,1/31/2024
576,irojas576,irojas576@mail.com,11-4501-1576,9/20/1977,M,1/31/2024
577,jsalas577,jsalas577@mail.com,11-4501-1577,12/3/2003,F,1/31/2024
578,ktapia578,ktapia578@mail.com,11-4501-1578,2/16/1975,M,1/31/2024
579,ltorres579,ltorres579@mail.com,11-4501-1579,5/29/1991,F,1/31/2024
580,mvaldes580,mvaldes580@mail.com,11-4501-1580,8/11/1984,M,1/31/2024
581,nvera581,nvera581@mail.com,11-4501-1581,11/24/1973,F,1/31/2024
582,oacosta582,oacosta582@mail.com,11-4501-1582,2/6/1998,M,1/31/2024
583,pbravo583,pbravo583@mail.com,11-4501-1583,5/19/1986,X,1/31/2024
584,qcampos584,qcampos584@mail.com,11-4501-1584,8/1/1970,F,1/31/2024
585,rdiaz585,rdiaz585@mail.com,11-4501-1585,10/14/1995,M,1/31/2024
586,sescobar586,sescobar586@mail.com,11-4501-1586,1/27/1983,F,1/31/2024
587,tfigueroa587,tfigueroa587@mail.com,11-4501-1587,4/11/1992,M,1/31/2024
588,ugalvez588,ugalvez588@mail.com,11-4501-1588,7/24/1980,F,1/31/2024
589,vgarcia589,vgarcia589@mail.com,11-4501-1589,10/6/1972,M,1/31/2024
590,whernandez590,whernandez590@mail.com,11-4501-1590,1/19/2001,F,1/31/2024
591,xibarra591,xibarra591@mail.com,11-4501-1591,4/4/1989,M,1/31/2024
592,yjimenez592,yjimenez592@mail.com,11-4501-1592,7/17/1978,F,1/31/2024
593,zlopez593,zlopez593@mail.com,11-4501-1593,10/30/1994,M,1/31/2024
594,amartinez594,amartinez594@mail.com,11-4501-1594,1/12/1982,F,1/31/2024
595,bmorales595,bmorales595@mail.com,11-4501-1595,4/25/2003,M,1/31/2024
596,cnavarro596,cnavarro596@mail.com,11-4501-1596,7/8/1975,F,1/31/2024
597,dortiz597,dortiz597@mail.com,11-4501-1597,10/21/1990,M,1/31/2024
598,eparedes598,eparedes598@mail.com,11-4501-1598,12/4/1987,F,1/31/2024
599,frojas599,frojas599@mail.com,11-4501-1599,3/17/1999,M,1/31/2024
600,gsalas600,gsalas600@mail.com,11-4501-1600,6/30/1971,F,1/31/2024
601,htapia601,htapia601@mail.com,11-4501-1601,9/12/1984,X,1/31/2024
602,itorres602,itorres602@mail.com,11-4501-1602,12/25/1996,M,1/31/2024
603,jvaldes603,jvaldes603@mail.com,11-4501-1603,3/9/1981,F,1/31/2024
604,kvera604,kvera604@mail.com,11-4501-1604,6/22/1973,M,1/31/2024
605,lacosta605,lacosta605@mail.com,11-4501-1605,9/4/2000,F,1/31/2024
606,mbravo606,mbravo606@mail.com,11-4501-1606,12/17/1988,M,1/31/2024
607,ncampos607,ncampos607@mail.com,11-4501-1607,2/1/1979,F,1/31/2024
608,odiaz608,odiaz608@mail.com,11-4501-1608,5/15/1995,M,1/31/2024
609,pescobar609,pescobar609@mail.com,11-4501-1609,8/28/1982,F,1/31/2024
610,qfigueroa610,qfigueroa610@mail.com,11-4501-1610,11/10/1970,M,1/31/2024
611,rgalvez611,rgalvez611@mail.com,11-4501-1611,1/23/1997,F,1/31/2024
612,sgarcia612,sgarcia612@mail.com,11-4501-1612,4/6/1984,M,1/31/2024
613,thernandez613,thernandez613@mail.com,11-4501-1613,7/19/1993,F,1/31/2024
614,uibarra614,uibarra614@mail.com,11-4501-1614,10/1/1981,M,1/31/2024
615,vjimenez615,vjimenez615@mail.com,11-4501-1615,12/14/2004,X,1/31/2024
616,wlopez616,wlopez616@mail.com,11-4501-1616,2/27/1976,F,1/31/2024
617,xmartinez617,xmartinez617@mail.com,11-4501-1617,5/12/1990,M,1/31/2024
618,ymorales618,ymorales618@mail.com,11-4501-1618,8/25/1985,F,1/31/2024
619,znavarro619,znavarro619@mail.com,11-4501-1619,11/7/1977,M,1/31/2024
620,aortiz620,aortiz620@mail.com,11-4501-1620,2/20/1999,F,1/31/2024
621,bparedes621,bparedes621@mail.com,11-4501-1621,5/3/1982,M,1/31/2024
622,crojas622,crojas622@mail.com,11-4501-1622,8/16/1974,F,1/31/2024
623,dsalas623,dsalas623@mail.com,11-4501-1623,11/29/2003,M,1/31/2024
624,etapia624,etapia624@mail.com,11-4501-1624,2/11/1975,F,1/31/2024
625,ftorres625,ftorres625@mail.com,11-4501-1625,5/24/1991,M,1/31/2024
626,gvaldes626,gvaldes626@mail.com,11-4501-1626,8/6/1984,F,1/31/2024
627,hvera627,hvera627@mail.com,11-4501-1627,11/19/1997,M,1/31/2024
628,iacosta628,iacosta628@mail.com,11-4501-1628,1/2/1980,F,1/31/2024
629,jbravo629,jbravo629@mail.com,11-4501-1629,4/15/1972,M,1/31/2024
630,kcampos630,kcampos630@mail.com,11-4501-1630,7/28/1999,F,1/31/2024
631,ldiaz631,ldiaz631@mail.com,11-4501-1631,10/10/1986,X,1/31/2024
632,mescobar632,mescobar632@mail.com,11-4501-1632,12/23/1978,M,1/31/2024
633,nfigueroa633,nfigueroa633@mail.com,11-4501-1633,3/7/2005,F,1/31/2024
634,ogalvez634,ogalvez634@mail.com,11-4501-1634,6/20/1976,M,1/31/2024
635,pgarcia635,pgarcia635@mail.com,11-4501-1635,9/2/1993,F,1/31/2024
636,qhernandez636,qhernandez636@mail.com,11-4501-1636,12/15/1980,M,1/31/2024
637,ribarra637,ribarra637@mail.com,11-4501-1637,2/28/1972,F,1/31/2024
638,sjimenez638,sjimenez638@mail.com,11-4501-1638,5/13/1997,M,1/31/2024
639,tlopez639,tlopez639@mail.com,11-4501-1639,8/26/1985,F,1/31/2024
640,umartinez640,umartinez640@mail.com,11-4501-1640,11/9/1977,M,1/31/2024
641,vmorales641,vmorales641@mail.com,11-4501-1641,2/22/1999,F,1/31/2024
642,wnavarro642,wnavarro642@mail.com,11-4501-1642,5/7/1982,M,1/31/2024
643,xortiz643,xortiz643@mail.com,11-4501-1643,8/20/1974,F,1/31/2024
644,yparedes644,yparedes644@mail.com,11-4501-1644,11/2/2003,M,1/31/2024
645,zrojas645,zrojas645@mail.com,11-4501-1645,1/15/1975,F,1/31/2024
646,asalas646,asalas646@mail.com,11-4501-1646,4/28/1991,M,1/31/2024
647,btapia647,btapia647@mail.com,11-4501-1647,7/11/1984,F,1/31/2024
648,ctorres648,ctorres648@mail.com,11-4501-1648,10/24/1997,M,1/31/2024
649,dvaldes649,dvaldes649@mail.com,11-4501-1649,1/7/1980,X,1/31/2024
650,evera650,evera650@mail.com,11-4501-1650,4/20/1972,F,1/31/2024
651,facosta651,facosta651@mail.com,11-4501-1651,7/3/1999,M,1/31/2024
652,gbravo652,gbravo652@mail.com,11-4501-1652,10/16/1986,F,1/31/2024
653,hcampos653,hcampos653@mail.com,11-4501-1653,12/29/1978,M,1/31/2024
654,idiaz654,idiaz654@mail.com,11-4501-1654,3/14/2005,F,1/31/2024
655,jescobar655,jescobar655@mail.com,11-4501-1655,6/27/1976,M,1/31/2024
656,kfigueroa656,kfigueroa656@mail.com,11-4501-1656,9/9/1993,F,1/31/2024
657,lgalvez657,lgalvez657@mail.com,11-4501-1657,12/22/1980,M,1/31/2024
658,mgarcia658,mgarcia658@mail.com,11-4501-1658,3/5/1972,F,1/31/2024
659,nhernandez659,nhernandez659@mail.com,11-4501-1659,6/18/1997,M,1/31/2024
660,oibarra660,oibarra660@mail.com,11-4501-1660,9/1/1985,F,1/31/2024
661,pjimenez661,pjimenez661@mail.com,11-4501-1661,12/14/1977,M,1/31/2024
662,qlopez662,qlopez662@mail.com,11-4501-1662,3/27/2000,F,1/31/2024
663,rmartinez663,rmartinez663@mail.com,11-4501-1663,6/9/1974,M,1/31/2024
664,smorales664,smorales664@mail.com,11-4501-1664,9/22/1989,F,1/31/2024
665,tnavarro665,tnavarro665@mail.com,11-4501-1665,12/5/1982,M,1/31/2024
666,uortiz666,uortiz666@mail.com,11-4501-1666,3/18/1970,F,1/31/2024
667,vparedes667,vparedes667@mail.com,11-4501-1667,6/30/1995,M,1/31/2024
668,wrojas668,wrojas668@mail.com,11-4501-1668,10/13/1987,F,1/31/2024
669,xsalas669,xsalas669@mail.com,11-4501-1669,1/26/2003,X,1/31/2024
670,ytapia670,ytapia670@mail.com,11-4501-1670,4/9/1979,M,1/31/2024
671,ztorres671,ztorres671@mail.com,11-4501-1671,7/22/1994,F,1/31/2024
672,avaldes672,avaldes672@mail.com,11-4501-1672,11/4/1981,M,1/31/2024
673,bvera673,bvera673@mail.com,11-4501-1673,2/17/1973,F,1/31/2024
674,cacosta674,cacosta674@mail.com,11-4501-1674,5/2/1998,M,1/31/2024
675,dbravo675,dbravo675@mail.com,11-4501-1675,8/15/1986,F,1/31/2024
676,ecampos676,ecampos676@mail.com,11-4501-1676,11/28/1978,M,1/31/2024
677,fdiaz677,fdiaz677@mail.com,11-4501-1677,2/10/2005,F,1/31/2024
678,gescobar678,gescobar678@mail.com,11-4501-1678,4/23/1974,M,1/31/2024
679,hfigueroa679,hfigueroa679@mail.com,11-4501-1679,7/6/1989,F,1/31/2024
680,igalvez680,igalvez680@mail.com,11-4501-1680,10/19/1982,M,1/31/2024
681,jgarcia681,jgarcia681@mail.com,11-4501-1681,1/1/1996,F,1/31/2024
682,khernandez682,khernandez682@mail.com,11-4501-1682,3/15/1970,M,1/31/2024
683,libarra683,libarra683@mail.com,11-4501-1683,6/28/1999,F,1/31/2024
684,mjimenez684,mjimenez684@mail.com,11-4501-1684,9/10/1985,M,2/1/2024
685,nlopez685,nlopez685@mail.com,11-4501-1685,12/23/1977,X,2/1/2024
686,omartinez686,omartinez686@mail.com,11-4501-1686,2/5/1993,F,2/1/2024
687,pmorales687,pmorales687@mail.com,11-4501-1687,5/18/1980,M,2/1/2024
688,qnavarro688,qnavarro688@mail.com,11-4501-1688,8/31/1972,F,2/1/2024
689,rortiz689,rortiz689@mail.com,11-4501-1689,11/13/2001,M,2/1/2024
690,sparedes690,sparedes690@mail.com,11-4501-1690,2/26/1984,F,2/1/2024
691,trojas691,trojas691@mail.com,11-4501-1691,5/10/1997,M,2/1/2024
692,usalas692,usalas692@mail.com,11-4501-1692,8/23/1978,F,2/1/2024
693,vtapia693,vtapia693@mail.com,11-4501-1693,11/5/1992,M,2/1/2024
694,wtorres694,wtorres694@mail.com,11-4501-1694,2/18/1971,F,2/1/2024
695,xvaldes695,xvaldes695@mail.com,11-4501-1695,5/3/1986,M,2/1/2024
696,yvera696,yvera696@mail.com,11-4501-1696,8/16/1999,F,2/1/2024
697,zacosta697,zacosta697@mail.com,11-4501-1697,10/29/1983,M,2/1/2024
698,aberrios698,aberrios698@mail.com,11-4501-1698,1/11/1975,F,2/1/2024
699,bchacon699,bchacon699@mail.com,11-4501-1699,4/24/1991,M,2/1/2024
700,cdelgado700,cdelgado700@mail.com,11-4501-1700,7/7/1988,F,2/1/2024